Perfume Name,Perfume Brand,Link
Angels' Share,By Kilian,https://www.fragrantica.com/perfume/By-Kilian/Angels-Share-62615.html
Khamrah,Lattafa Perfumes,https://www.fragrantica.com/perfume/Lattafa-Perfumes/Khamrah-75805.html
Le Male Le Parfum,Jean Paul Gaultier,https://www.fragrantica.com/perfume/Jean-Paul-Gaultier/Le-Male-Le-Parfum-61856.html
Baccarat Rouge 540,Maison Francis Kurkdjian,https://www.fragrantica.com/perfume/Maison-Francis-Kurkdjian/Baccarat-Rouge-540-33519.html
Tobacco Vanille,Tom Ford,https://www.fragrantica.com/perfume/Tom-Ford/Tobacco-Vanille-1825.html
Dior Homme Intense 2011,Dior,https://www.fragrantica.com/perfume/Dior/Dior-Homme-Intense-2011-13016.html
By the Fireplace,Maison Martin Margiela,https://www.fragrantica.com/perfume/Maison-Martin-Margiela/By-the-Fireplace-31623.html
XJ 1861 Naxos,Xerjoff,https://www.fragrantica.com/perfume/Xerjoff/XJ-1861-Naxos-30529.html
Y Eau de Parfum,Yves Saint Laurent,https://www.fragrantica.com/perfume/Yves-Saint-Laurent/Y-Eau-de-Parfum-50757.html
Le Male Elixir,Jean Paul Gaultier,https://www.fragrantica.com/perfume/Jean-Paul-Gaultier/Le-Male-Elixir-81642.html
Spicebomb Extreme,Viktor&Rolf,https://www.fragrantica.com/perfume/Viktor-Rolf/Spicebomb-Extreme-30499.html
Layton,Parfums de Marly,https://www.fragrantica.com/perfume/Parfums-de-Marly/Layton-39314.html
Sauvage Elixir,Dior,https://www.fragrantica.com/perfume/Dior/Sauvage-Elixir-68415.html
Black Opium,Yves Saint Laurent,https://www.fragrantica.com/perfume/Yves-Saint-Laurent/Black-Opium-25324.html
Club de Nuit Intense Man,Armaf,https://www.fragrantica.com/perfume/Armaf/Club-de-Nuit-Intense-Man-34696.html
Bleu de Chanel Eau de Parfum,Chanel,https://www.fragrantica.com/perfume/Chanel/Bleu-de-Chanel-Eau-de-Parfum-25967.html
Eros,Versace,https://www.fragrantica.com/perfume/Versace/Eros-16657.html
Jazz Club,Maison Martin Margiela,https://www.fragrantica.com/perfume/Maison-Martin-Margiela/Jazz-Club-20541.html
Versace Pour Homme Dylan Blue,Versace,https://www.fragrantica.com/perfume/Versace/Versace-Pour-Homme-Dylan-Blue-40031.html
Aventus,Creed,https://www.fragrantica.com/perfume/Creed/Aventus-9828.html
Emporio Armani Stronger With You Intensely,Giorgio Armani,https://www.fragrantica.com/perfume/Giorgio-Armani/Emporio-Armani-Stronger-With-You-Intensely-52802.html
Sauvage,Dior,https://www.fragrantica.com/perfume/Dior/Sauvage-31861.html
Lost Cherry,Tom Ford,https://www.fragrantica.com/perfume/Tom-Ford/Lost-Cherry-51411.html
Le Beau Le Parfum,Jean Paul Gaultier,https://www.fragrantica.com/perfume/Jean-Paul-Gaultier/Le-Beau-Le-Parfum-72158.html
Acqua di Giò Profumo,Giorgio Armani,https://www.fragrantica.com/perfume/Giorgio-Armani/Acqua-di-Gio-Profumo-29727.html
Ombré Leather (2018),Tom Ford,https://www.fragrantica.com/perfume/Tom-Ford/Ombre-Leather-2018-50239.html
Good Girl,Carolina Herrera,https://www.fragrantica.com/perfume/Carolina-Herrera/Good-Girl-39681.html
Ultra Male,Jean Paul Gaultier,https://www.fragrantica.com/perfume/Jean-Paul-Gaultier/Ultra-Male-30947.html
Libre,Yves Saint Laurent,https://www.fragrantica.com/perfume/Yves-Saint-Laurent/Libre-56077.html
Cloud,Ariana Grande,https://www.fragrantica.com/perfume/Ariana-Grande/Cloud-50384.html
Black Orchid,Tom Ford,https://www.fragrantica.com/perfume/Tom-Ford/Black-Orchid-1018.html
Terre d'Hermès,Hermès,https://www.fragrantica.com/perfume/Hermes/Terre-d-Hermes-17.html
Gentleman Eau de Parfum Reserve Privée,Givenchy,https://www.fragrantica.com/perfume/Givenchy/Gentleman-Eau-de-Parfum-Reserve-Privee-71272.html
Explorer,Montblanc,https://www.fragrantica.com/perfume/Montblanc/Explorer-52002.html
The One for Men Eau de Parfum,Dolce&Gabbana,https://www.fragrantica.com/perfume/Dolce-Gabbana/The-One-for-Men-Eau-de-Parfum-31909.html
Eros Flame,Versace,https://www.fragrantica.com/perfume/Versace/Eros-Flame-52180.html
La Nuit de l'Homme,Yves Saint Laurent,https://www.fragrantica.com/perfume/Yves-Saint-Laurent/La-Nuit-de-l-Homme-5521.html
Oud Wood,Tom Ford,https://www.fragrantica.com/perfume/Tom-Ford/Oud-Wood-1826.html
9pm,Afnan,https://www.fragrantica.com/perfume/Afnan/9pm-65414.html
Alien,Mugler,https://www.fragrantica.com/perfume/Mugler/Alien-707.html
Red Tobacco,Mancera,https://www.fragrantica.com/perfume/Mancera/Red-Tobacco-46663.html
Encre Noire,Lalique,https://www.fragrantica.com/perfume/Lalique/Encre-Noire-1834.html
Grand Soir,Maison Francis Kurkdjian,https://www.fragrantica.com/perfume/Maison-Francis-Kurkdjian/Grand-Soir-40816.html
Cedrat Boise,Mancera,https://www.fragrantica.com/perfume/Mancera/Cedrat-Boise-15211.html
Hypnotic Poison,Dior,https://www.fragrantica.com/perfume/Dior/Hypnotic-Poison-219.html
Versace Pour Homme,Versace,https://www.fragrantica.com/perfume/Versace/Versace-Pour-Homme-2318.html
Prada L'Homme,Prada,https://www.fragrantica.com/perfume/Prada/Prada-L-Homme-39029.html
Nautica Voyage,Nautica,https://www.fragrantica.com/perfume/Nautica/Nautica-Voyage-913.html
La Vie Est Belle,Lancôme,https://www.fragrantica.com/perfume/Lancome/La-Vie-Est-Belle-14982.html
Acqua di Giò Profondo,Giorgio Armani,https://www.fragrantica.com/perfume/Giorgio-Armani/Acqua-di-Gio-Profondo-59532.html
Burberry Her,Burberry,https://www.fragrantica.com/perfume/Burberry/Burberry-Her-51694.html
Light Blue,Dolce&Gabbana,https://www.fragrantica.com/perfume/Dolce-Gabbana/Light-Blue-485.html
Vanilla 28,Kayali Fragrances,https://www.fragrantica.com/perfume/Kayali-Fragrances/Vanilla-28-52616.html
Bal d'Afrique,Byredo,https://www.fragrantica.com/perfume/Byredo/Bal-d-Afrique-6458.html
Hawas for Him,Rasasi,https://www.fragrantica.com/perfume/Rasasi/Hawas-for-Him-46890.html
Delina,Parfums de Marly,https://www.fragrantica.com/perfume/Parfums-de-Marly/Delina-43871.html
Acqua di Gio,Giorgio Armani,https://www.fragrantica.com/perfume/Giorgio-Armani/Acqua-di-Gio-410.html
Asad,Lattafa Perfumes,https://www.fragrantica.com/perfume/Lattafa-Perfumes/Asad-72821.html
Coco Mademoiselle,Chanel,https://www.fragrantica.com/perfume/Chanel/Coco-Mademoiselle-611.html
Ani,Nishane,https://www.fragrantica.com/perfume/Nishane/Ani-54785.html
Noir Extreme,Tom Ford,https://www.fragrantica.com/perfume/Tom-Ford/Noir-Extreme-29675.html
Hacivat,Nishane,https://www.fragrantica.com/perfume/Nishane/Hacivat-44174.html
Instant Crush,Mancera,https://www.fragrantica.com/perfume/Mancera/Instant-Crush-54885.html
Valentino Donna Born In Roma,Valentino,https://www.fragrantica.com/perfume/Valentino/Valentino-Donna-Born-In-Roma-55805.html
Erba Pura,Xerjoff,https://www.fragrantica.com/perfume/Xerjoff/Erba-Pura-55157.html
Lira,Xerjoff,https://www.fragrantica.com/perfume/Xerjoff/Lira-11801.html
Libre Intense,Yves Saint Laurent,https://www.fragrantica.com/perfume/Yves-Saint-Laurent/Libre-Intense-62318.html
The Most Wanted,Azzaro,https://www.fragrantica.com/perfume/Azzaro/The-Most-Wanted-66826.html
Eilish,Billie Eilish,https://www.fragrantica.com/perfume/Billie-Eilish/Eilish-70052.html
Herod,Parfums de Marly,https://www.fragrantica.com/perfume/Parfums-de-Marly/Herod-16939.html
Bois Impérial,Essential Parfums,https://www.fragrantica.com/perfume/Essential-Parfums/Bois-Imperial-64338.html
Light Blue Eau Intense Pour Homme,Dolce&Gabbana,https://www.fragrantica.com/perfume/Dolce-Gabbana/Light-Blue-Eau-Intense-Pour-Homme-44035.html
Ganymede,Marc-Antoine Barrois,https://www.fragrantica.com/perfume/Marc-Antoine-Barrois/Ganymede-54720.html
The Most Wanted Parfum,Azzaro,https://www.fragrantica.com/perfume/Azzaro/The-Most-Wanted-Parfum-73664.html
Love Don't Be Shy,By Kilian,https://www.fragrantica.com/perfume/By-Kilian/Love-Don-t-Be-Shy-4322.html
Side Effect,Initio Parfums Prives,https://www.fragrantica.com/perfume/Initio-Parfums-Prives/Side-Effect-42260.html
Wood Sage & Sea Salt,Jo Malone London,https://www.fragrantica.com/perfume/Jo-Malone-London/Wood-Sage-Sea-Salt-25529.html
Dior Homme Parfum,Dior,https://www.fragrantica.com/perfume/Dior/Dior-Homme-Parfum-27417.html
Baccarat Rouge 540 Extrait de Parfum,Maison Francis Kurkdjian,https://www.fragrantica.com/perfume/Maison-Francis-Kurkdjian/Baccarat-Rouge-540-Extrait-de-Parfum-46066.html
Le Male,Jean Paul Gaultier,https://www.fragrantica.com/perfume/Jean-Paul-Gaultier/Le-Male-430.html
Bianco Latte,Giardini Di Toscana,https://www.fragrantica.com/perfume/Giardini-Di-Toscana/Bianco-Latte-64757.html
Goddess,Burberry,https://www.fragrantica.com/perfume/Burberry/Goddess-83483.html
Crystal Noir,Versace,https://www.fragrantica.com/perfume/Versace/Crystal-Noir-631.html
Toy Boy,Moschino,https://www.fragrantica.com/perfume/Moschino/Toy-Boy-55858.html
Yara,Lattafa Perfumes,https://www.fragrantica.com/perfume/Lattafa-Perfumes/Yara-76880.html
Emporio Armani Stronger With You Absolutely,Giorgio Armani,https://www.fragrantica.com/perfume/Giorgio-Armani/Emporio-Armani-Stronger-With-You-Absolutely-64501.html
L'Interdit Eau de Parfum Rouge,Givenchy,https://www.fragrantica.com/perfume/Givenchy/L-Interdit-Eau-de-Parfum-Rouge-68404.html
Gris Charnel,BDK Parfums,https://www.fragrantica.com/perfume/BDK-Parfums/Gris-Charnel-57038.html
Allure Homme Sport Eau Extreme,Chanel,https://www.fragrantica.com/perfume/Chanel/Allure-Homme-Sport-Eau-Extreme-14669.html
Black Phantom,By Kilian,https://www.fragrantica.com/perfume/By-Kilian/Black-Phantom-43632.html
Prada Paradoxe,Prada,https://www.fragrantica.com/perfume/Prada/Prada-Paradoxe-75668.html
Sauvage Eau de Parfum,Dior,https://www.fragrantica.com/perfume/Dior/Sauvage-Eau-de-Parfum-48100.html
Santal 33,Le Labo,https://www.fragrantica.com/perfume/Le-Labo/Santal-33-12201.html
Tonka Cola,Mancera,https://www.fragrantica.com/perfume/Mancera/Tonka-Cola-76893.html
Angel,Mugler,https://www.fragrantica.com/perfume/Mugler/Angel-704.html
Brazilian Crush Cheirosa '62,Sol de Janeiro,https://www.fragrantica.com/perfume/Sol-de-Janeiro/Brazilian-Crush-Cheirosa-62-56062.html
CK One,Calvin Klein,https://www.fragrantica.com/perfume/Calvin-Klein/CK-One-276.html
Flowerbomb,Viktor&Rolf,https://www.fragrantica.com/perfume/Viktor-Rolf/Flowerbomb-1460.html
Arabians Tonka,Montale,https://www.fragrantica.com/perfume/Montale/Arabians-Tonka-57384.html
Devotion,Dolce&Gabbana,https://www.fragrantica.com/perfume/Dolce-Gabbana/Devotion-84951.html
Burberry Her Elixir de Parfum,Burberry,https://www.fragrantica.com/perfume/Burberry/Burberry-Her-Elixir-de-Parfum-75968.html
Bleu de Chanel,Chanel,https://www.fragrantica.com/perfume/Chanel/Bleu-de-Chanel-9099.html
Yum Pistachio Gelato | 33,Kayali Fragrances,https://www.fragrantica.com/perfume/Kayali-Fragrances/Yum-Pistachio-Gelato-33-79846.html
My Way,Giorgio Armani,https://www.fragrantica.com/perfume/Giorgio-Armani/My-Way-62036.html
1 Million,Paco Rabanne,https://www.fragrantica.com/perfume/Paco-Rabanne/1-Million-3747.html
Mon Guerlain,Guerlain,https://www.fragrantica.com/perfume/Guerlain/Mon-Guerlain-43297.html
Oud for Greatness,Initio Parfums Prives,https://www.fragrantica.com/perfume/Initio-Parfums-Prives/Oud-for-Greatness-53641.html
Alien Goddess,Mugler,https://www.fragrantica.com/perfume/Mugler/Alien-Goddess-68354.html
La Belle,Jean Paul Gaultier,https://www.fragrantica.com/perfume/Jean-Paul-Gaultier/La-Belle-55786.html
Oud Satin Mood,Maison Francis Kurkdjian,https://www.fragrantica.com/perfume/Maison-Francis-Kurkdjian/Oud-Satin-Mood-30352.html
Cool Water,Davidoff,https://www.fragrantica.com/perfume/Davidoff/Cool-Water-507.html
Not A Perfume,Juliette Has A Gun,https://www.fragrantica.com/perfume/Juliette-Has-A-Gun/Not-A-Perfume-10296.html
Chloe Eau de Parfum,Chloé,https://www.fragrantica.com/perfume/Chloe/Chloe-Eau-de-Parfum-1733.html
Guidance,Amouage,https://www.fragrantica.com/perfume/Amouage/Guidance-78656.html
J'adore,Dior,https://www.fragrantica.com/perfume/Dior/J-adore-210.html
L'Interdit Eau de Parfum,Givenchy,https://www.fragrantica.com/perfume/Givenchy/L-Interdit-Eau-de-Parfum-51488.html
Bade'e Al Oud Oud for Glory,Lattafa Perfumes,https://www.fragrantica.com/perfume/Lattafa-Perfumes/Bade-e-Al-Oud-Oud-for-Glory-64948.html
L'Eau d'Issey Pour Homme,Issey Miyake,https://www.fragrantica.com/perfume/Issey-Miyake/L-Eau-d-Issey-Pour-Homme-721.html
Le Beau,Jean Paul Gaultier,https://www.fragrantica.com/perfume/Jean-Paul-Gaultier/Le-Beau-55785.html
Chance Eau Tendre,Chanel,https://www.fragrantica.com/perfume/Chanel/Chance-Eau-Tendre-8069.html
Bleu de Chanel Parfum,Chanel,https://www.fragrantica.com/perfume/Chanel/Bleu-de-Chanel-Parfum-49912.html
L’Homme Ideal Eau de Parfum,Guerlain,https://www.fragrantica.com/perfume/Guerlain/L-Homme-Ideal-Eau-de-Parfum-37735.html
Libre Le Parfum,Yves Saint Laurent,https://www.fragrantica.com/perfume/Yves-Saint-Laurent/Libre-Le-Parfum-75676.html
Versace Man Eau Fraiche,Versace,https://www.fragrantica.com/perfume/Versace/Versace-Man-Eau-Fraiche-644.html
Portrait of a Lady,Frederic Malle,https://www.fragrantica.com/perfume/Frederic-Malle/Portrait-of-a-Lady-10464.html
Gentle Fluidity Gold,Maison Francis Kurkdjian,https://www.fragrantica.com/perfume/Maison-Francis-Kurkdjian/Gentle-Fluidity-Gold-53401.html
You,Glossier,https://www.fragrantica.com/perfume/Glossier/You-46885.html
Fahrenheit,Dior,https://www.fragrantica.com/perfume/Dior/Fahrenheit-228.html
Babycat,Yves Saint Laurent,https://www.fragrantica.com/perfume/Yves-Saint-Laurent/Babycat-73149.html
Wanted by Night,Azzaro,https://www.fragrantica.com/perfume/Azzaro/Wanted-by-Night-49144.html
Idôle,Lancôme,https://www.fragrantica.com/perfume/Lancome/Idole-55795.html
This is Her,Zadig & Voltaire,https://www.fragrantica.com/perfume/Zadig-Voltaire/This-is-Her-39358.html
Luna Rossa Black,Prada,https://www.fragrantica.com/perfume/Prada/Luna-Rossa-Black-48682.html
Signature,Montblanc,https://www.fragrantica.com/perfume/Montblanc/Signature-60962.html
Soleil Blanc,Tom Ford,https://www.fragrantica.com/perfume/Tom-Ford/Soleil-Blanc-34893.html
La Nuit de L'Homme Bleu Électrique,Yves Saint Laurent,https://www.fragrantica.com/perfume/Yves-Saint-Laurent/La-Nuit-de-L-Homme-Bleu-Electrique-67997.html
Musc Noir Rose For Her,Narciso Rodriguez,https://www.fragrantica.com/perfume/Narciso-Rodriguez/Musc-Noir-Rose-For-Her-71596.html
Intense Cafe,Montale,https://www.fragrantica.com/perfume/Montale/Intense-Cafe-18021.html
Bright Crystal,Versace,https://www.fragrantica.com/perfume/Versace/Bright-Crystal-632.html
Delina Exclusif,Parfums de Marly,https://www.fragrantica.com/perfume/Parfums-de-Marly/Delina-Exclusif-50370.html
Good Girl Blush,Carolina Herrera,https://www.fragrantica.com/perfume/Carolina-Herrera/Good-Girl-Blush-78576.html
Black Afgano,Nasomatto,https://www.fragrantica.com/perfume/Nasomatto/Black-Afgano-6472.html
Another 13,Le Labo,https://www.fragrantica.com/perfume/Le-Labo/Another-13-10131.html
Narciso Rodriguez For Her,Narciso Rodriguez,https://www.fragrantica.com/perfume/Narciso-Rodriguez/Narciso-Rodriguez-For-Her-209.html
Oajan,Parfums de Marly,https://www.fragrantica.com/perfume/Parfums-de-Marly/Oajan-21548.html
Si,Giorgio Armani,https://www.fragrantica.com/perfume/Giorgio-Armani/Si-18453.html
Carlisle,Parfums de Marly,https://www.fragrantica.com/perfume/Parfums-de-Marly/Carlisle-33514.html
Green Irish Tweed,Creed,https://www.fragrantica.com/perfume/Creed/Green-Irish-Tweed-474.html
Valentino Uomo Born In Roma Intense,Valentino,https://www.fragrantica.com/perfume/Valentino/Valentino-Uomo-Born-In-Roma-Intense-78740.html
Gypsy Water,Byredo,https://www.fragrantica.com/perfume/Byredo/Gypsy-Water-3575.html
Alexandria II,Xerjoff,https://www.fragrantica.com/perfume/Xerjoff/Alexandria-II-17786.html
La Belle Le Parfum,Jean Paul Gaultier,https://www.fragrantica.com/perfume/Jean-Paul-Gaultier/La-Belle-Le-Parfum-65175.html
Bvlgari Man In Black,Bvlgari,https://www.fragrantica.com/perfume/Bvlgari/Bvlgari-Man-In-Black-26358.html
Very Good Girl,Carolina Herrera,https://www.fragrantica.com/perfume/Carolina-Herrera/Very-Good-Girl-65560.html
Musc Ravageur,Frederic Malle,https://www.fragrantica.com/perfume/Frederic-Malle/Musc-Ravageur-1801.html
Spicebomb,Viktor&Rolf,https://www.fragrantica.com/perfume/Viktor-Rolf/Spicebomb-13857.html
Reflection Man,Amouage,https://www.fragrantica.com/perfume/Amouage/Reflection-Man-920.html
Bentley for Men Intense,Bentley,https://www.fragrantica.com/perfume/Bentley/Bentley-for-Men-Intense-17666.html
Eros Eau de Parfum,Versace,https://www.fragrantica.com/perfume/Versace/Eros-Eau-de-Parfum-62762.html
1 Million Lucky,Paco Rabanne,https://www.fragrantica.com/perfume/Paco-Rabanne/1-Million-Lucky-48903.html
Allure Homme Sport,Chanel,https://www.fragrantica.com/perfume/Chanel/Allure-Homme-Sport-607.html
Imagination,Louis Vuitton,https://www.fragrantica.com/perfume/Louis-Vuitton/Imagination-67370.html
Althaïr,Parfums de Marly,https://www.fragrantica.com/perfume/Parfums-de-Marly/Althair-84109.html
Molecule 01,Escentric Molecules,https://www.fragrantica.com/perfume/Escentric-Molecules/Molecule-01-845.html
Invictus,Paco Rabanne,https://www.fragrantica.com/perfume/Paco-Rabanne/Invictus-18471.html
Emporio Armani Stronger With You,Giorgio Armani,https://www.fragrantica.com/perfume/Giorgio-Armani/Emporio-Armani-Stronger-With-You-45258.html
Bitter Peach,Tom Ford,https://www.fragrantica.com/perfume/Tom-Ford/Bitter-Peach-62707.html
Dior Homme 2020,Dior,https://www.fragrantica.com/perfume/Dior/Dior-Homme-2020-58714.html
Blanche Bête,Les Liquides Imaginaires,https://www.fragrantica.com/perfume/Les-Liquides-Imaginaires/Blanche-Bete-70189.html
Greenley,Parfums de Marly,https://www.fragrantica.com/perfume/Parfums-de-Marly/Greenley-62101.html
Valentino Uomo Born in Roma,Valentino,https://www.fragrantica.com/perfume/Valentino/Valentino-Uomo-Born-in-Roma-55963.html
Nebras,Lattafa Perfumes,https://www.fragrantica.com/perfume/Lattafa-Perfumes/Nebras-78560.html
Fucking Fabulous,Tom Ford,https://www.fragrantica.com/perfume/Tom-Ford/Fucking-Fabulous-46513.html
Ombre Nomade,Louis Vuitton,https://www.fragrantica.com/perfume/Louis-Vuitton/Ombre-Nomade-49755.html
I Don't Need A Prince By My Side To Be A Princess,By Kilian,https://www.fragrantica.com/perfume/By-Kilian/I-Don-t-Need-A-Prince-By-My-Side-To-Be-A-Princess-50497.html
Armani Code Parfum,Giorgio Armani,https://www.fragrantica.com/perfume/Giorgio-Armani/Armani-Code-Parfum-75126.html
Philosykos Eau de Parfum,Diptyque,https://www.fragrantica.com/perfume/Diptyque/Philosykos-Eau-de-Parfum-3865.html
Olympéa,Paco Rabanne,https://www.fragrantica.com/perfume/Paco-Rabanne/Olympea-31666.html
Fantasy,Britney Spears,https://www.fragrantica.com/perfume/Britney-Spears/Fantasy-600.html
Luna Rossa Carbon,Prada,https://www.fragrantica.com/perfume/Prada/Luna-Rossa-Carbon-43402.html
Ameer Al Oudh Intense Oud,Lattafa Perfumes,https://www.fragrantica.com/perfume/Lattafa-Perfumes/Ameer-Al-Oudh-Intense-Oud-64947.html
Legend Spirit,Montblanc,https://www.fragrantica.com/perfume/Montblanc/Legend-Spirit-33443.html
Y Le Parfum,Yves Saint Laurent,https://www.fragrantica.com/perfume/Yves-Saint-Laurent/Y-Le-Parfum-64718.html
Euphoria,Calvin Klein,https://www.fragrantica.com/perfume/Calvin-Klein/Euphoria-253.html
Scandal Pour Homme,Jean Paul Gaultier,https://www.fragrantica.com/perfume/Jean-Paul-Gaultier/Scandal-Pour-Homme-68074.html
La Nuit Trésor,Lancôme,https://www.fragrantica.com/perfume/Lancome/La-Nuit-Tresor-29157.html
Prada Candy,Prada,https://www.fragrantica.com/perfume/Prada/Prada-Candy-12426.html
Détour Noir,Al Haramain Perfumes,https://www.fragrantica.com/perfume/Al-Haramain-Perfumes/Detour-Noir-70748.html
Pink Sugar,Aquolina,https://www.fragrantica.com/perfume/Aquolina/Pink-Sugar-975.html
Hundred Silent Ways,Nishane,https://www.fragrantica.com/perfume/Nishane/Hundred-Silent-Ways-37602.html
Coffee Break,Maison Martin Margiela,https://www.fragrantica.com/perfume/Maison-Martin-Margiela/Coffee-Break-55926.html
Oriana,Parfums de Marly,https://www.fragrantica.com/perfume/Parfums-de-Marly/Oriana-69117.html
Silver Mountain Water,Creed,https://www.fragrantica.com/perfume/Creed/Silver-Mountain-Water-472.html
Halloween Man X,Halloween,https://www.fragrantica.com/perfume/Halloween/Halloween-Man-X-53215.html
Mercedes Benz Club Black,Mercedes-Benz,https://www.fragrantica.com/perfume/Mercedes-Benz/Mercedes-Benz-Club-Black-46797.html
Megamare,Orto Parisi,https://www.fragrantica.com/perfume/Orto-Parisi/Megamare-53471.html
Musk Therapy,Initio Parfums Prives,https://www.fragrantica.com/perfume/Initio-Parfums-Prives/Musk-Therapy-66097.html
Chocolate Greedy,Montale,https://www.fragrantica.com/perfume/Montale/Chocolate-Greedy-2186.html
Black Opium Le Parfum,Yves Saint Laurent,https://www.fragrantica.com/perfume/Yves-Saint-Laurent/Black-Opium-Le-Parfum-78427.html
Pure Poison,Dior,https://www.fragrantica.com/perfume/Dior/Pure-Poison-214.html
Mojave Ghost,Byredo,https://www.fragrantica.com/perfume/Byredo/Mojave-Ghost-27040.html
Chergui,Serge Lutens,https://www.fragrantica.com/perfume/Serge-Lutens/Chergui-2762.html
Lovefest Burning Cherry | 48 Eau de Parfum,Kayali Fragrances,https://www.fragrantica.com/perfume/Kayali-Fragrances/Lovefest-Burning-Cherry-48-Eau-de-Parfum-75661.html
Moustache Eau de Parfum,Rochas,https://www.fragrantica.com/perfume/Rochas/Moustache-Eau-de-Parfum-52350.html
Armani Code,Giorgio Armani,https://www.fragrantica.com/perfume/Giorgio-Armani/Armani-Code-412.html
Terre d'Hermes Eau Givree,Hermès,https://www.fragrantica.com/perfume/Hermes/Terre-d-Hermes-Eau-Givree-72439.html
Prada L'Homme Intense,Prada,https://www.fragrantica.com/perfume/Prada/Prada-L-Homme-Intense-45396.html
Sedley,Parfums de Marly,https://www.fragrantica.com/perfume/Parfums-de-Marly/Sedley-56273.html
Scandal,Jean Paul Gaultier,https://www.fragrantica.com/perfume/Jean-Paul-Gaultier/Scandal-45651.html
Miss Dior Blooming Bouquet,Dior,https://www.fragrantica.com/perfume/Dior/Miss-Dior-Blooming-Bouquet-23280.html
Choco Musk,Al-Rehab,https://www.fragrantica.com/perfume/Al-Rehab/Choco-Musk-20139.html
Italica (2021),Xerjoff,https://www.fragrantica.com/perfume/Xerjoff/Italica-2021-65383.html
The One for Men,Dolce&Gabbana,https://www.fragrantica.com/perfume/Dolce-Gabbana/The-One-for-Men-2056.html
Torino21,Xerjoff,https://www.fragrantica.com/perfume/Xerjoff/Torino21-70424.html
Mon Paris,Yves Saint Laurent,https://www.fragrantica.com/perfume/Yves-Saint-Laurent/Mon-Paris-38914.html
Acqua di Parma Blu Mediterraneo - Fico di Amalfi,Acqua di Parma,https://www.fragrantica.com/perfume/Acqua-di-Parma/Acqua-di-Parma-Blu-Mediterraneo-Fico-di-Amalfi-1687.html
Angel Nova,Mugler,https://www.fragrantica.com/perfume/Mugler/Angel-Nova-61519.html
Elysium Pour Homme Parfum Cologne,Roja Dove,https://www.fragrantica.com/perfume/Roja-Dove/Elysium-Pour-Homme-Parfum-Cologne-46296.html
Wulóng Chá,Nishane,https://www.fragrantica.com/perfume/Nishane/Wulong-Cha-30567.html
Cheirosa '71,Sol de Janeiro,https://www.fragrantica.com/perfume/Sol-de-Janeiro/Cheirosa-71-63079.html
Acqua di Gioia,Giorgio Armani,https://www.fragrantica.com/perfume/Giorgio-Armani/Acqua-di-Gioia-8442.html
Tuxedo,Yves Saint Laurent,https://www.fragrantica.com/perfume/Yves-Saint-Laurent/Tuxedo-32269.html
Boss Bottled,Hugo Boss,https://www.fragrantica.com/perfume/Hugo-Boss/Boss-Bottled-383.html
Shalimar Eau de Parfum,Guerlain,https://www.fragrantica.com/perfume/Guerlain/Shalimar-Eau-de-Parfum-53.html
Pure Musc For Her,Narciso Rodriguez,https://www.fragrantica.com/perfume/Narciso-Rodriguez/Pure-Musc-For-Her-53441.html
Amber Oud Gold Edition,Al Haramain Perfumes,https://www.fragrantica.com/perfume/Al-Haramain-Perfumes/Amber-Oud-Gold-Edition-51816.html
Gris Charnel Extrait,BDK Parfums,https://www.fragrantica.com/perfume/BDK-Parfums/Gris-Charnel-Extrait-73645.html
Miss Dior Eau de Parfum (2021),Dior,https://www.fragrantica.com/perfume/Dior/Miss-Dior-Eau-de-Parfum-2021-68905.html
Un Jardin Sur Le Nil,Hermès,https://www.fragrantica.com/perfume/Hermes/Un-Jardin-Sur-Le-Nil-18.html
Pegasus,Parfums de Marly,https://www.fragrantica.com/perfume/Parfums-de-Marly/Pegasus-16938.html
Dior Homme Sport 2021,Dior,https://www.fragrantica.com/perfume/Dior/Dior-Homme-Sport-2021-71326.html
Lazy Sunday Morning,Maison Martin Margiela,https://www.fragrantica.com/perfume/Maison-Martin-Margiela/Lazy-Sunday-Morning-20542.html
Encre Noire A L'Extreme,Lalique,https://www.fragrantica.com/perfume/Lalique/Encre-Noire-A-L-Extreme-32356.html
Ari,Ariana Grande,https://www.fragrantica.com/perfume/Ariana-Grande/Ari-31661.html
Kirke,Tiziana Terenzi,https://www.fragrantica.com/perfume/Tiziana-Terenzi/Kirke-32172.html
English Pear & Freesia,Jo Malone London,https://www.fragrantica.com/perfume/Jo-Malone-London/English-Pear-Freesia-10314.html
Flora Gorgeous Gardenia Eau de Parfum,Gucci,https://www.fragrantica.com/perfume/Gucci/Flora-Gorgeous-Gardenia-Eau-de-Parfum-68578.html
Intense Cedrat Boise,Mancera,https://www.fragrantica.com/perfume/Mancera/Intense-Cedrat-Boise-72796.html
Nomade,Chloé,https://www.fragrantica.com/perfume/Chloe/Nomade-48434.html
Fame,Paco Rabanne,https://www.fragrantica.com/perfume/Paco-Rabanne/Fame-74962.html
40 Knots,Xerjoff,https://www.fragrantica.com/perfume/Xerjoff/40-Knots-16445.html
Chanel No 5 Eau de Parfum,Chanel,https://www.fragrantica.com/perfume/Chanel/Chanel-No-5-Eau-de-Parfum-40069.html
Valentino Uomo Intense,Valentino,https://www.fragrantica.com/perfume/Valentino/Valentino-Uomo-Intense-38254.html
Beach Walk,Maison Martin Margiela,https://www.fragrantica.com/perfume/Maison-Martin-Margiela/Beach-Walk-15261.html
Myrrh & Tonka,Jo Malone London,https://www.fragrantica.com/perfume/Jo-Malone-London/Myrrh-Tonka-42027.html
Turathi Blue,Afnan,https://www.fragrantica.com/perfume/Afnan/Turathi-Blue-70839.html
Roses Vanille,Mancera,https://www.fragrantica.com/perfume/Mancera/Roses-Vanille-15210.html
Tuscan Leather,Tom Ford,https://www.fragrantica.com/perfume/Tom-Ford/Tuscan-Leather-1849.html
Tony Iommi Monkey Special,Xerjoff,https://www.fragrantica.com/perfume/Xerjoff/Tony-Iommi-Monkey-Special-70789.html
Dama Bianca,Xerjoff,https://www.fragrantica.com/perfume/Xerjoff/Dama-Bianca-15555.html
Gentleman Eau de Parfum,Givenchy,https://www.fragrantica.com/perfume/Givenchy/Gentleman-Eau-de-Parfum-48476.html
1 Million Elixir,Paco Rabanne,https://www.fragrantica.com/perfume/Paco-Rabanne/1-Million-Elixir-71708.html
Acqua di Giò Parfum,Giorgio Armani,https://www.fragrantica.com/perfume/Giorgio-Armani/Acqua-di-Gio-Parfum-81508.html
Egoiste Platinum,Chanel,https://www.fragrantica.com/perfume/Chanel/Egoiste-Platinum-614.html
Interlude Man,Amouage,https://www.fragrantica.com/perfume/Amouage/Interlude-Man-15294.html
Mod Vanilla,Ariana Grande,https://www.fragrantica.com/perfume/Ariana-Grande/Mod-Vanilla-77799.html
Percival,Parfums de Marly,https://www.fragrantica.com/perfume/Parfums-de-Marly/Percival-51037.html
God of Fire,Stéphane Humbert Lucas 777,https://www.fragrantica.com/perfume/Stephane-Humbert-Lucas-777/God-of-Fire-72381.html
Narciso Poudree,Narciso Rodriguez,https://www.fragrantica.com/perfume/Narciso-Rodriguez/Narciso-Poudree-36679.html
Absolute Aphrodisiac,Initio Parfums Prives,https://www.fragrantica.com/perfume/Initio-Parfums-Prives/Absolute-Aphrodisiac-30989.html
Chance Eau Fraiche,Chanel,https://www.fragrantica.com/perfume/Chanel/Chance-Eau-Fraiche-1483.html
Ombré Leather Parfum,Tom Ford,https://www.fragrantica.com/perfume/Tom-Ford/Ombre-Leather-Parfum-68716.html
Viva la Juicy,Juicy Couture,https://www.fragrantica.com/perfume/Juicy-Couture/Viva-la-Juicy-4410.html
Green Tea,Elizabeth Arden,https://www.fragrantica.com/perfume/Elizabeth-Arden/Green-Tea-83.html
The Noir 29,Le Labo,https://www.fragrantica.com/perfume/Le-Labo/The-Noir-29-31872.html
1 Million Parfum,Paco Rabanne,https://www.fragrantica.com/perfume/Paco-Rabanne/1-Million-Parfum-60035.html
Valaya,Parfums de Marly,https://www.fragrantica.com/perfume/Parfums-de-Marly/Valaya-78574.html
Virgin Island Water,Creed,https://www.fragrantica.com/perfume/Creed/Virgin-Island-Water-899.html
Club de Nuit Sillage,Armaf,https://www.fragrantica.com/perfume/Armaf/Club-de-Nuit-Sillage-64105.html
The Only One,Dolce&Gabbana,https://www.fragrantica.com/perfume/Dolce-Gabbana/The-Only-One-51249.html
Invictus Victory Elixir,Paco Rabanne,https://www.fragrantica.com/perfume/Paco-Rabanne/Invictus-Victory-Elixir-78575.html
London for Men,Burberry,https://www.fragrantica.com/perfume/Burberry/London-for-Men-804.html
Sweet Like Candy,Ariana Grande,https://www.fragrantica.com/perfume/Ariana-Grande/Sweet-Like-Candy-39970.html
Neroli Portofino,Tom Ford,https://www.fragrantica.com/perfume/Tom-Ford/Neroli-Portofino-12192.html
Kismet Angel,Maison Alhambra,https://www.fragrantica.com/perfume/Maison-Alhambra/Kismet-Angel-79015.html
Blanche,Byredo,https://www.fragrantica.com/perfume/Byredo/Blanche-6686.html
Coco Noir,Chanel,https://www.fragrantica.com/perfume/Chanel/Coco-Noir-15963.html
Club de Nuit Untold,Armaf,https://www.fragrantica.com/perfume/Armaf/Club-de-Nuit-Untold-78476.html
Poison,Dior,https://www.fragrantica.com/perfume/Dior/Poison-218.html
Club de Nuit Intense Man Parfum,Armaf,https://www.fragrantica.com/perfume/Armaf/Club-de-Nuit-Intense-Man-Parfum-72842.html
D&G Anthology L'Imperatrice 3,Dolce&Gabbana,https://www.fragrantica.com/perfume/Dolce-Gabbana/D-G-Anthology-L-Imperatrice-3-6086.html
I Want Choo,Jimmy Choo,https://www.fragrantica.com/perfume/Jimmy-Choo/I-Want-Choo-64015.html
Narciso Rodriguez for Her Eau de Parfum,Narciso Rodriguez,https://www.fragrantica.com/perfume/Narciso-Rodriguez/Narciso-Rodriguez-for-Her-Eau-de-Parfum-14319.html
Alien Goddess Intense,Mugler,https://www.fragrantica.com/perfume/Mugler/Alien-Goddess-Intense-74871.html
Rehab,Initio Parfums Prives,https://www.fragrantica.com/perfume/Initio-Parfums-Prives/Rehab-50351.html
You Or Someone Like You,Etat Libre d'Orange,https://www.fragrantica.com/perfume/Etat-Libre-d-Orange/You-Or-Someone-Like-You-43531.html
Noir de Noir,Tom Ford,https://www.fragrantica.com/perfume/Tom-Ford/Noir-de-Noir-1822.html
Good Girl Gone Bad,By Kilian,https://www.fragrantica.com/perfume/By-Kilian/Good-Girl-Gone-Bad-15924.html
Luna Rossa Ocean,Prada,https://www.fragrantica.com/perfume/Prada/Luna-Rossa-Ocean-68753.html
The One,Dolce&Gabbana,https://www.fragrantica.com/perfume/Dolce-Gabbana/The-One-698.html
Haltane,Parfums de Marly,https://www.fragrantica.com/perfume/Parfums-de-Marly/Haltane-70776.html
Gucci Bloom,Gucci,https://www.fragrantica.com/perfume/Gucci/Gucci-Bloom-44894.html
Rouge Smoking,BDK Parfums,https://www.fragrantica.com/perfume/BDK-Parfums/Rouge-Smoking-51468.html
Irresistible Givenchy,Givenchy,https://www.fragrantica.com/perfume/Givenchy/Irresistible-Givenchy-60891.html
Daisy,Marc Jacobs,https://www.fragrantica.com/perfume/Marc-Jacobs/Daisy-1361.html
Qaed Al Fursan,Lattafa Perfumes,https://www.fragrantica.com/perfume/Lattafa-Perfumes/Qaed-Al-Fursan-67996.html
DKNY Be Delicious,Donna Karan,https://www.fragrantica.com/perfume/Donna-Karan/DKNY-Be-Delicious-498.html
Fleur Narcotique,Ex Nihilo,https://www.fragrantica.com/perfume/Ex-Nihilo/Fleur-Narcotique-27571.html
Apple Brandy on the Rocks,By Kilian,https://www.fragrantica.com/perfume/By-Kilian/Apple-Brandy-on-the-Rocks-68326.html
Sweet Tooth,Sabrina Carpenter,https://www.fragrantica.com/perfume/Sabrina-Carpenter/Sweet-Tooth-76824.html
Eden Juicy Apple | 01 Eau De Parfum,Kayali Fragrances,https://www.fragrantica.com/perfume/Kayali-Fragrances/Eden-Juicy-Apple-01-Eau-De-Parfum-70875.html
Baraonda,Nasomatto,https://www.fragrantica.com/perfume/Nasomatto/Baraonda-40200.html
Gentle Fluidity Silver,Maison Francis Kurkdjian,https://www.fragrantica.com/perfume/Maison-Francis-Kurkdjian/Gentle-Fluidity-Silver-53400.html
Club de Nuit Milestone,Armaf,https://www.fragrantica.com/perfume/Armaf/Club-de-Nuit-Milestone-64104.html
Bake,Akro,https://www.fragrantica.com/perfume/Akro/Bake-81614.html
Poison Girl,Dior,https://www.fragrantica.com/perfume/Dior/Poison-Girl-35561.html
Vanilla Vibes,Juliette Has A Gun,https://www.fragrantica.com/perfume/Juliette-Has-A-Gun/Vanilla-Vibes-54878.html
Terre d'Hermes Parfum,Hermès,https://www.fragrantica.com/perfume/Hermes/Terre-d-Hermes-Parfum-8282.html
Milk,Commodity,https://www.fragrantica.com/perfume/Commodity/Milk-69191.html
Blue Jeans,Versace,https://www.fragrantica.com/perfume/Versace/Blue-Jeans-637.html
Midnight Fantasy,Britney Spears,https://www.fragrantica.com/perfume/Britney-Spears/Midnight-Fantasy-802.html
Armani Code Absolu,Giorgio Armani,https://www.fragrantica.com/perfume/Giorgio-Armani/Armani-Code-Absolu-53106.html
Rolling in Love,By Kilian,https://www.fragrantica.com/perfume/By-Kilian/Rolling-in-Love-56402.html
L'Homme,Yves Saint Laurent,https://www.fragrantica.com/perfume/Yves-Saint-Laurent/L-Homme-734.html
MYSLF,Yves Saint Laurent,https://www.fragrantica.com/perfume/Yves-Saint-Laurent/MYSLF-84094.html
Paragon,Initio Parfums Prives,https://www.fragrantica.com/perfume/Initio-Parfums-Prives/Paragon-76580.html
Valentino Uomo Born In Roma Coral Fantasy,Valentino,https://www.fragrantica.com/perfume/Valentino/Valentino-Uomo-Born-In-Roma-Coral-Fantasy-71761.html
"Rosendo Mateu Nº 5 Floral, Amber, Sensual Musk",Rosendo Mateu Olfactive Expressions,https://www.fragrantica.com/perfume/Rosendo-Mateu-Olfactive-Expressions/Rosendo-Mateu-No-5-Floral-Amber-Sensual-Musk-46115.html
Eau Duelle Eau de Toilette,Diptyque,https://www.fragrantica.com/perfume/Diptyque/Eau-Duelle-Eau-de-Toilette-9241.html
The Dreamer,Versace,https://www.fragrantica.com/perfume/Versace/The-Dreamer-59417.html
Supremacy Not Only Intense,Afnan,https://www.fragrantica.com/perfume/Afnan/Supremacy-Not-Only-Intense-68271.html
Valentino Donna Born In Roma Intense,Valentino,https://www.fragrantica.com/perfume/Valentino/Valentino-Donna-Born-In-Roma-Intense-78739.html
02 L'Air du Desert Marocain,Tauer Perfumes,https://www.fragrantica.com/perfume/Tauer-Perfumes/02-L-Air-du-Desert-Marocain-4573.html
Brazilian Crush Cheirosa '68,Sol de Janeiro,https://www.fragrantica.com/perfume/Sol-de-Janeiro/Brazilian-Crush-Cheirosa-68-73990.html
Aoud Lemon Mint,Mancera,https://www.fragrantica.com/perfume/Mancera/Aoud-Lemon-Mint-39181.html
Cheirosa '40,Sol de Janeiro,https://www.fragrantica.com/perfume/Sol-de-Janeiro/Cheirosa-40-67527.html
Noa,Cacharel,https://www.fragrantica.com/perfume/Cacharel/Noa-242.html
Cherry Smoke,Tom Ford,https://www.fragrantica.com/perfume/Tom-Ford/Cherry-Smoke-78578.html
African Leather,Memo Paris,https://www.fragrantica.com/perfume/Memo-Paris/African-Leather-31383.html
Fakhar Black,Lattafa Perfumes,https://www.fragrantica.com/perfume/Lattafa-Perfumes/Fakhar-Black-70465.html
Bubble Bath,Maison Martin Margiela,https://www.fragrantica.com/perfume/Maison-Martin-Margiela/Bubble-Bath-60105.html
Girl of Now,Elie Saab,https://www.fragrantica.com/perfume/Elie-Saab/Girl-of-Now-45686.html
Dior Homme Cologne 2022,Dior,https://www.fragrantica.com/perfume/Dior/Dior-Homme-Cologne-2022-72062.html
Dior Addict,Dior,https://www.fragrantica.com/perfume/Dior/Dior-Addict-215.html
Noir Extreme Parfum,Tom Ford,https://www.fragrantica.com/perfume/Tom-Ford/Noir-Extreme-Parfum-75489.html
Lolita Lempicka,Lolita Lempicka,https://www.fragrantica.com/perfume/Lolita-Lempicka/Lolita-Lempicka-456.html
Coco Mademoiselle Intense,Chanel,https://www.fragrantica.com/perfume/Chanel/Coco-Mademoiselle-Intense-48310.html
Y Eau de Parfum Intense,Yves Saint Laurent,https://www.fragrantica.com/perfume/Yves-Saint-Laurent/Y-Eau-de-Parfum-Intense-79243.html
Delina La Rosée,Parfums de Marly,https://www.fragrantica.com/perfume/Parfums-de-Marly/Delina-La-Rosee-64667.html
Whispers in the Library,Maison Martin Margiela,https://www.fragrantica.com/perfume/Maison-Martin-Margiela/Whispers-in-the-Library-53537.html
Sì Passione,Giorgio Armani,https://www.fragrantica.com/perfume/Giorgio-Armani/Si-Passione-48002.html
La Capitale,Xerjoff,https://www.fragrantica.com/perfume/Xerjoff/La-Capitale-55782.html
Scandal Le Parfum,Jean Paul Gaultier,https://www.fragrantica.com/perfume/Jean-Paul-Gaultier/Scandal-Le-Parfum-74914.html
Legend,Montblanc,https://www.fragrantica.com/perfume/Montblanc/Legend-11784.html
The Ghost In The Shell,Etat Libre d'Orange,https://www.fragrantica.com/perfume/Etat-Libre-d-Orange/The-Ghost-In-The-Shell-69412.html
Kenzo Jungle L'Elephant,Kenzo,https://www.fragrantica.com/perfume/Kenzo/Kenzo-Jungle-L-Elephant-70.html
Invictus Victory,Paco Rabanne,https://www.fragrantica.com/perfume/Paco-Rabanne/Invictus-Victory-65177.html
Toy 2,Moschino,https://www.fragrantica.com/perfume/Moschino/Toy-2-51589.html
Vanilla Diorama,Dior,https://www.fragrantica.com/perfume/Dior/Vanilla-Diorama-68198.html
Aura Mugler,Mugler,https://www.fragrantica.com/perfume/Mugler/Aura-Mugler-45639.html
Escapade Gourmande,Maison Mataha,https://www.fragrantica.com/perfume/Maison-Mataha/Escapade-Gourmande-72607.html
Idôle Nectar,Lancôme,https://www.fragrantica.com/perfume/Lancome/Idole-Nectar-74137.html
Moonlight in Heaven,By Kilian,https://www.fragrantica.com/perfume/By-Kilian/Moonlight-in-Heaven-35973.html
Layton Exclusif,Parfums de Marly,https://www.fragrantica.com/perfume/Parfums-de-Marly/Layton-Exclusif-46633.html
Light Blue Forever pour Homme,Dolce&Gabbana,https://www.fragrantica.com/perfume/Dolce-Gabbana/Light-Blue-Forever-pour-Homme-66556.html
Good Girl Suprême,Carolina Herrera,https://www.fragrantica.com/perfume/Carolina-Herrera/Good-Girl-Supreme-61769.html
Fleur de Peau Eau de Parfum,Diptyque,https://www.fragrantica.com/perfume/Diptyque/Fleur-de-Peau-Eau-de-Parfum-48681.html
Flower by Kenzo,Kenzo,https://www.fragrantica.com/perfume/Kenzo/Flower-by-Kenzo-72.html
Vanilla Royale Sugared Patchouli | 64 Eau De Parfum Intense,Kayali Fragrances,https://www.fragrantica.com/perfume/Kayali-Fragrances/Vanilla-Royale-Sugared-Patchouli-64-Eau-De-Parfum-Intense-77430.html
Amor Amor,Cacharel,https://www.fragrantica.com/perfume/Cacharel/Amor-Amor-238.html
Orchidee Vanille,Van Cleef & Arpels,https://www.fragrantica.com/perfume/Van-Cleef-Arpels/Orchidee-Vanille-6463.html
Club de Nuit Intense Man Limited Edition Parfum,Armaf,https://www.fragrantica.com/perfume/Armaf/Club-de-Nuit-Intense-Man-Limited-Edition-Parfum-77861.html
Pure XS For Her,Paco Rabanne,https://www.fragrantica.com/perfume/Paco-Rabanne/Pure-XS-For-Her-51424.html
L'Eau Papier,Diptyque,https://www.fragrantica.com/perfume/Diptyque/L-Eau-Papier-78658.html
Eclat d’Arpège,Lanvin,https://www.fragrantica.com/perfume/Lanvin/Eclat-d-Arpege-988.html
Spiritueuse Double Vanille,Guerlain,https://www.fragrantica.com/perfume/Guerlain/Spiritueuse-Double-Vanille-3345.html
Grey Vetiver,Tom Ford,https://www.fragrantica.com/perfume/Tom-Ford/Grey-Vetiver-6697.html
Sunshine Woman,Amouage,https://www.fragrantica.com/perfume/Amouage/Sunshine-Woman-28182.html
Le Beau Paradise Garden,Jean Paul Gaultier,https://www.fragrantica.com/perfume/Jean-Paul-Gaultier/Le-Beau-Paradise-Garden-88836.html
Psychedelic Love,Initio Parfums Prives,https://www.fragrantica.com/perfume/Initio-Parfums-Prives/Psychedelic-Love-45977.html
Perfect,Marc Jacobs,https://www.fragrantica.com/perfume/Marc-Jacobs/Perfect-62021.html
Velvet Orchid,Tom Ford,https://www.fragrantica.com/perfume/Tom-Ford/Velvet-Orchid-22963.html
Musc Noir For Her,Narciso Rodriguez,https://www.fragrantica.com/perfume/Narciso-Rodriguez/Musc-Noir-For-Her-64730.html
Cheap & Chic I Love Love,Moschino,https://www.fragrantica.com/perfume/Moschino/Cheap-Chic-I-Love-Love-728.html
Versace Pour Femme Dylan Purple,Versace,https://www.fragrantica.com/perfume/Versace/Versace-Pour-Femme-Dylan-Purple-76274.html
Cherry Punk,Room 1015,https://www.fragrantica.com/perfume/Room-1015/Cherry-Punk-61264.html
Terroni,Orto Parisi,https://www.fragrantica.com/perfume/Orto-Parisi/Terroni-45475.html
Orphéon Eau de Parfum,Diptyque,https://www.fragrantica.com/perfume/Diptyque/Orpheon-Eau-de-Parfum-65738.html
Gentleman Eau de Parfum Boisée,Givenchy,https://www.fragrantica.com/perfume/Givenchy/Gentleman-Eau-de-Parfum-Boisee-59009.html
Poets of Berlin,Vilhelm Parfumerie,https://www.fragrantica.com/perfume/Vilhelm-Parfumerie/Poets-of-Berlin-49306.html
Versace Pour Femme Dylan Blue,Versace,https://www.fragrantica.com/perfume/Versace/Versace-Pour-Femme-Dylan-Blue-47459.html
Pi,Givenchy,https://www.fragrantica.com/perfume/Givenchy/Pi-39.html
Bade'e Al Oud Amethyst,Lattafa Perfumes,https://www.fragrantica.com/perfume/Lattafa-Perfumes/Bade-e-Al-Oud-Amethyst-68214.html
Aqua Allegoria Mandarine Basilic,Guerlain,https://www.fragrantica.com/perfume/Guerlain/Aqua-Allegoria-Mandarine-Basilic-2060.html
Allure Homme Edition Blanche,Chanel,https://www.fragrantica.com/perfume/Chanel/Allure-Homme-Edition-Blanche-2653.html
Versense,Versace,https://www.fragrantica.com/perfume/Versace/Versense-5752.html
Mémoire d’une Odeur,Gucci,https://www.fragrantica.com/perfume/Gucci/Memoire-d-une-Odeur-56096.html
Missoni Wave,Missoni,https://www.fragrantica.com/perfume/Missoni/Missoni-Wave-61329.html
Encre Noire Sport,Lalique,https://www.fragrantica.com/perfume/Lalique/Encre-Noire-Sport-21369.html
CK One Shock For Him,Calvin Klein,https://www.fragrantica.com/perfume/Calvin-Klein/CK-One-Shock-For-Him-12520.html
Pear Inc,Juliette Has A Gun,https://www.fragrantica.com/perfume/Juliette-Has-A-Gun/Pear-Inc-66120.html
XJ 1861 Renaissance,Xerjoff,https://www.fragrantica.com/perfume/Xerjoff/XJ-1861-Renaissance-12126.html
Red Temptation For Her,Zara,https://www.fragrantica.com/perfume/Zara/Red-Temptation-For-Her-63264.html
Jubilation XXV Man,Amouage,https://www.fragrantica.com/perfume/Amouage/Jubilation-XXV-Man-2366.html
Spicebomb Infrared,Viktor&Rolf,https://www.fragrantica.com/perfume/Viktor-Rolf/Spicebomb-Infrared-66514.html
Shaghaf Oud,Swiss Arabian,https://www.fragrantica.com/perfume/Swiss-Arabian/Shaghaf-Oud-50582.html
Dear Polly,Vilhelm Parfumerie,https://www.fragrantica.com/perfume/Vilhelm-Parfumerie/Dear-Polly-30928.html
Matcha Meditation,Maison Martin Margiela,https://www.fragrantica.com/perfume/Maison-Martin-Margiela/Matcha-Meditation-64805.html
L'Homme Idéal Extrême,Guerlain,https://www.fragrantica.com/perfume/Guerlain/L-Homme-Ideal-Extreme-60284.html
Hypnôse,Lancôme,https://www.fragrantica.com/perfume/Lancome/Hypnose-170.html
Starlight,Xerjoff,https://www.fragrantica.com/perfume/Xerjoff/Starlight-58246.html
Joop! Homme,Joop!,https://www.fragrantica.com/perfume/Joop/Joop-Homme-1251.html
Gris Dior,Dior,https://www.fragrantica.com/perfume/Dior/Gris-Dior-48387.html
Club de Nuit Blue Iconic,Armaf,https://www.fragrantica.com/perfume/Armaf/Club-de-Nuit-Blue-Iconic-78475.html
Millésime Impérial,Creed,https://www.fragrantica.com/perfume/Creed/Millesime-Imperial-466.html
Fahrenheit Le Parfum,Dior,https://www.fragrantica.com/perfume/Dior/Fahrenheit-Le-Parfum-23099.html
Atomic Rose,Initio Parfums Prives,https://www.fragrantica.com/perfume/Initio-Parfums-Prives/Atomic-Rose-57587.html
Carnal Flower,Frederic Malle,https://www.fragrantica.com/perfume/Frederic-Malle/Carnal-Flower-1024.html
Armani Code for Women,Giorgio Armani,https://www.fragrantica.com/perfume/Giorgio-Armani/Armani-Code-for-Women-413.html
Amber Oud Tobacco Edition,Al Haramain Perfumes,https://www.fragrantica.com/perfume/Al-Haramain-Perfumes/Amber-Oud-Tobacco-Edition-55791.html
Drakkar Noir,Guy Laroche,https://www.fragrantica.com/perfume/Guy-Laroche/Drakkar-Noir-2069.html
Light Blue pour Homme,Dolce&Gabbana,https://www.fragrantica.com/perfume/Dolce-Gabbana/Light-Blue-pour-Homme-1068.html
212 Men,Carolina Herrera,https://www.fragrantica.com/perfume/Carolina-Herrera/212-Men-297.html
Mango Skin,Vilhelm Parfumerie,https://www.fragrantica.com/perfume/Vilhelm-Parfumerie/Mango-Skin-49305.html
Bad Boy Cobalt Parfum Electrique,Carolina Herrera,https://www.fragrantica.com/perfume/Carolina-Herrera/Bad-Boy-Cobalt-Parfum-Electrique-71888.html
L'eau d'Issey,Issey Miyake,https://www.fragrantica.com/perfume/Issey-Miyake/L-eau-d-Issey-720.html
Sauvage Parfum,Dior,https://www.fragrantica.com/perfume/Dior/Sauvage-Parfum-56324.html
Miracle,Lancôme,https://www.fragrantica.com/perfume/Lancome/Miracle-184.html
Fan Your Flames,Nishane,https://www.fragrantica.com/perfume/Nishane/Fan-Your-Flames-37603.html
Starwalker,Montblanc,https://www.fragrantica.com/perfume/Montblanc/Starwalker-4023.html
Bonbon,Viktor&Rolf,https://www.fragrantica.com/perfume/Viktor-Rolf/Bonbon-23317.html
Back to Black,By Kilian,https://www.fragrantica.com/perfume/By-Kilian/Back-to-Black-6457.html
Intoxicated,By Kilian,https://www.fragrantica.com/perfume/By-Kilian/Intoxicated-25991.html
Phantom,Paco Rabanne,https://www.fragrantica.com/perfume/Paco-Rabanne/Phantom-68226.html
Raghba,Lattafa Perfumes,https://www.fragrantica.com/perfume/Lattafa-Perfumes/Raghba-25807.html
Viva la Juicy Gold Couture,Juicy Couture,https://www.fragrantica.com/perfume/Juicy-Couture/Viva-la-Juicy-Gold-Couture-25753.html
Molecule 02,Escentric Molecules,https://www.fragrantica.com/perfume/Escentric-Molecules/Molecule-02-3606.html
J'adore Parfum d'Eau,Dior,https://www.fragrantica.com/perfume/Dior/J-adore-Parfum-d-Eau-75642.html
Very Good Girl Glam,Carolina Herrera,https://www.fragrantica.com/perfume/Carolina-Herrera/Very-Good-Girl-Glam-72698.html
Halfeti,Penhaligon's,https://www.fragrantica.com/perfume/Penhaligon-s/Halfeti-31396.html
Angel Muse,Mugler,https://www.fragrantica.com/perfume/Mugler/Angel-Muse-36416.html
Interlude Black Iris,Amouage,https://www.fragrantica.com/perfume/Amouage/Interlude-Black-Iris-60929.html
I Want Choo Forever,Jimmy Choo,https://www.fragrantica.com/perfume/Jimmy-Choo/I-Want-Choo-Forever-75969.html
Burberry Brit,Burberry,https://www.fragrantica.com/perfume/Burberry/Burberry-Brit-819.html
Eternal Oud,Lattafa Perfumes,https://www.fragrantica.com/perfume/Lattafa-Perfumes/Eternal-Oud-78155.html
Lady Million,Paco Rabanne,https://www.fragrantica.com/perfume/Paco-Rabanne/Lady-Million-9045.html
Individuel,Montblanc,https://www.fragrantica.com/perfume/Montblanc/Individuel-4193.html
Hibiscus Mahajád,Maison Crivelli,https://www.fragrantica.com/perfume/Maison-Crivelli/Hibiscus-Mahajad-69069.html
Khaltat Night,Attar Collection,https://www.fragrantica.com/perfume/Attar-Collection/Khaltat-Night-38133.html
L'Interdit Eau de Parfum Intense,Givenchy,https://www.fragrantica.com/perfume/Givenchy/L-Interdit-Eau-de-Parfum-Intense-62491.html
Fakhar Rose,Lattafa Perfumes,https://www.fragrantica.com/perfume/Lattafa-Perfumes/Fakhar-Rose-70466.html
Toy 2 Bubble Gum,Moschino,https://www.fragrantica.com/perfume/Moschino/Toy-2-Bubble-Gum-66098.html
Nina,Nina Ricci,https://www.fragrantica.com/perfume/Nina-Ricci/Nina-147.html
Lune Feline,Atelier des Ors,https://www.fragrantica.com/perfume/Atelier-des-Ors/Lune-Feline-29716.html
Gentleman Society,Givenchy,https://www.fragrantica.com/perfume/Givenchy/Gentleman-Society-78639.html
Kenzo Homme Eau de Parfum,Kenzo,https://www.fragrantica.com/perfume/Kenzo/Kenzo-Homme-Eau-de-Parfum-73225.html
Infusion d'Iris,Prada,https://www.fragrantica.com/perfume/Prada/Infusion-d-Iris-1795.html
Ébène Fumé,Tom Ford,https://www.fragrantica.com/perfume/Tom-Ford/Ebene-Fume-69008.html
Marfa,Memo Paris,https://www.fragrantica.com/perfume/Memo-Paris/Marfa-37185.html
Divine Vanille,Essential Parfums,https://www.fragrantica.com/perfume/Essential-Parfums/Divine-Vanille-57088.html
A*Men Pure Havane,Mugler,https://www.fragrantica.com/perfume/Mugler/A-Men-Pure-Havane-11444.html
"Thank U, Next",Ariana Grande,https://www.fragrantica.com/perfume/Ariana-Grande/Thank-U-Next-56741.html
Artisan Pure,John Varvatos,https://www.fragrantica.com/perfume/John-Varvatos/Artisan-Pure-46623.html
Cruz del Sur II,Xerjoff,https://www.fragrantica.com/perfume/Xerjoff/Cruz-del-Sur-II-46098.html
Dolce Amalfi,Xerjoff,https://www.fragrantica.com/perfume/Xerjoff/Dolce-Amalfi-42988.html
Ambre Sultan,Serge Lutens,https://www.fragrantica.com/perfume/Serge-Lutens/Ambre-Sultan-2760.html
H24,Hermès,https://www.fragrantica.com/perfume/Hermes/H24-65147.html
Blackberry & Bay,Jo Malone London,https://www.fragrantica.com/perfume/Jo-Malone-London/Blackberry-Bay-15134.html
Opus XIV – Royal Tobacco,Amouage,https://www.fragrantica.com/perfume/Amouage/Opus-XIV-Royal-Tobacco-75064.html
Trésor Midnight Rose,Lancôme,https://www.fragrantica.com/perfume/Lancome/Tresor-Midnight-Rose-11721.html
Vanilla Woods,The 7 Virtues,https://www.fragrantica.com/perfume/The-7-Virtues/Vanilla-Woods-52560.html
Gucci Guilty Absolute,Gucci,https://www.fragrantica.com/perfume/Gucci/Gucci-Guilty-Absolute-43040.html
Peony & Blush Suede,Jo Malone London,https://www.fragrantica.com/perfume/Jo-Malone-London/Peony-Blush-Suede-18767.html
Yves Saint Laurent Y,Yves Saint Laurent,https://www.fragrantica.com/perfume/Yves-Saint-Laurent/Yves-Saint-Laurent-Y-45956.html
Chance Eau Tendre Eau de Parfum,Chanel,https://www.fragrantica.com/perfume/Chanel/Chance-Eau-Tendre-Eau-de-Parfum-52359.html
Mon Guerlain Eau de Parfum Intense,Guerlain,https://www.fragrantica.com/perfume/Guerlain/Mon-Guerlain-Eau-de-Parfum-Intense-55997.html
Ange ou Demon,Givenchy,https://www.fragrantica.com/perfume/Givenchy/Ange-ou-Demon-701.html
Honey Aoud,Montale,https://www.fragrantica.com/perfume/Montale/Honey-Aoud-30509.html
Bibliothèque,Byredo,https://www.fragrantica.com/perfume/Byredo/Bibliotheque-43324.html
Tygar,Bvlgari,https://www.fragrantica.com/perfume/Bvlgari/Tygar-41222.html
Lamar,Kajal,https://www.fragrantica.com/perfume/Kajal/Lamar-62571.html
Utopia Vanilla Coco 21,Kayali Fragrances,https://www.fragrantica.com/perfume/Kayali-Fragrances/Utopia-Vanilla-Coco-21-68220.html
Changing Constance,Penhaligon's,https://www.fragrantica.com/perfume/Penhaligon-s/Changing-Constance-50256.html
Acqua di Giò Eau de Parfum,Giorgio Armani,https://www.fragrantica.com/perfume/Giorgio-Armani/Acqua-di-Gio-Eau-de-Parfum-71606.html
Cloud Intense,Ariana Grande,https://www.fragrantica.com/perfume/Ariana-Grande/Cloud-Intense-69296.html
Ana Abiyedh Rouge,Lattafa Perfumes,https://www.fragrantica.com/perfume/Lattafa-Perfumes/Ana-Abiyedh-Rouge-63062.html
Valentino Uomo,Valentino,https://www.fragrantica.com/perfume/Valentino/Valentino-Uomo-19558.html
Mmmm...,Juliette Has A Gun,https://www.fragrantica.com/perfume/Juliette-Has-A-Gun/Mmmm-40461.html
Crystal Noir Eau de Toilette,Versace,https://www.fragrantica.com/perfume/Versace/Crystal-Noir-Eau-de-Toilette-67502.html
Bad Boy,Carolina Herrera,https://www.fragrantica.com/perfume/Carolina-Herrera/Bad-Boy-55449.html
LolitaLand,Lolita Lempicka,https://www.fragrantica.com/perfume/Lolita-Lempicka/LolitaLand-51385.html
Bare Vanilla,Victoria's Secret,https://www.fragrantica.com/perfume/Victoria-s-Secret/Bare-Vanilla-56836.html
God Is A Woman,Ariana Grande,https://www.fragrantica.com/perfume/Ariana-Grande/God-Is-A-Woman-68664.html
Light Blue Eau Intense,Dolce&Gabbana,https://www.fragrantica.com/perfume/Dolce-Gabbana/Light-Blue-Eau-Intense-44034.html
Sand Desert At Sunset,Zara,https://www.fragrantica.com/perfume/Zara/Sand-Desert-At-Sunset-79100.html
Boss Bottled Elixir,Hugo Boss,https://www.fragrantica.com/perfume/Hugo-Boss/Boss-Bottled-Elixir-84074.html
Khamrah Qahwa,Lattafa Perfumes,https://www.fragrantica.com/perfume/Lattafa-Perfumes/Khamrah-Qahwa-88175.html
Royal Oud,Creed,https://www.fragrantica.com/perfume/Creed/Royal-Oud-12317.html
Tobacolor,Dior,https://www.fragrantica.com/perfume/Dior/Tobacolor-65551.html
Bee,Zoologist Perfumes,https://www.fragrantica.com/perfume/Zoologist-Perfumes/Bee-58140.html
Angélique Noire,Guerlain,https://www.fragrantica.com/perfume/Guerlain/Angelique-Noire-1021.html
Beau De Jour Eau de Parfum,Tom Ford,https://www.fragrantica.com/perfume/Tom-Ford/Beau-De-Jour-Eau-de-Parfum-59064.html
L’Immensité,Louis Vuitton,https://www.fragrantica.com/perfume/Louis-Vuitton/L-Immensite-49751.html
Gaultier Divine,Jean Paul Gaultier,https://www.fragrantica.com/perfume/Jean-Paul-Gaultier/Gaultier-Divine-83889.html
Pardon,Nasomatto,https://www.fragrantica.com/perfume/Nasomatto/Pardon-12130.html
Kenzo Amour,Kenzo,https://www.fragrantica.com/perfume/Kenzo/Kenzo-Amour-664.html
Afternoon Swim,Louis Vuitton,https://www.fragrantica.com/perfume/Louis-Vuitton/Afternoon-Swim-53947.html
Scandal Pour Homme Le Parfum,Jean Paul Gaultier,https://www.fragrantica.com/perfume/Jean-Paul-Gaultier/Scandal-Pour-Homme-Le-Parfum-74915.html
Ambassador Men,Gisada,https://www.fragrantica.com/perfume/Gisada/Ambassador-Men-58226.html
Dior Addict Eau de Parfum (2014),Dior,https://www.fragrantica.com/perfume/Dior/Dior-Addict-Eau-de-Parfum-2014-28201.html
A*Men,Mugler,https://www.fragrantica.com/perfume/Mugler/A-Men-705.html
Skin,Clean,https://www.fragrantica.com/perfume/Clean/Skin-35244.html
Ebony Wood,Zara,https://www.fragrantica.com/perfume/Zara/Ebony-Wood-58157.html
Versace Pour Femme Dylan Turquoise,Versace,https://www.fragrantica.com/perfume/Versace/Versace-Pour-Femme-Dylan-Turquoise-62966.html
Vanille Fatale,Tom Ford,https://www.fragrantica.com/perfume/Tom-Ford/Vanille-Fatale-48029.html
Coco Eau de Parfum,Chanel,https://www.fragrantica.com/perfume/Chanel/Coco-Eau-de-Parfum-609.html
Pas Сe Soir,BDK Parfums,https://www.fragrantica.com/perfume/BDK-Parfums/Pas-Se-Soir-39470.html
Bright Crystal Absolu,Versace,https://www.fragrantica.com/perfume/Versace/Bright-Crystal-Absolu-21547.html
Tommy Girl,Tommy Hilfiger,https://www.fragrantica.com/perfume/Tommy-Hilfiger/Tommy-Girl-3016.html
Voce Viva,Valentino,https://www.fragrantica.com/perfume/Valentino/Voce-Viva-62754.html
Oud Maracujá,Maison Crivelli,https://www.fragrantica.com/perfume/Maison-Crivelli/Oud-Maracuja-83842.html
La Petite Robe Noire,Guerlain,https://www.fragrantica.com/perfume/Guerlain/La-Petite-Robe-Noire-14681.html
Omnia Crystalline,Bvlgari,https://www.fragrantica.com/perfume/Bvlgari/Omnia-Crystalline-152.html
Coco Vanille,Mancera,https://www.fragrantica.com/perfume/Mancera/Coco-Vanille-42782.html
La Danza delle Libellule,Nobile 1942,https://www.fragrantica.com/perfume/Nobile-1942/La-Danza-delle-Libellule-14845.html
Meliora,Parfums de Marly,https://www.fragrantica.com/perfume/Parfums-de-Marly/Meliora-18750.html
724,Maison Francis Kurkdjian,https://www.fragrantica.com/perfume/Maison-Francis-Kurkdjian/724-75754.html
Eau Duelle Eau de Parfum,Diptyque,https://www.fragrantica.com/perfume/Diptyque/Eau-Duelle-Eau-de-Parfum-49100.html
So Scandal!,Jean Paul Gaultier,https://www.fragrantica.com/perfume/Jean-Paul-Gaultier/So-Scandal-60942.html
Scarlet Poppy Intense,Jo Malone London,https://www.fragrantica.com/perfume/Jo-Malone-London/Scarlet-Poppy-Intense-64551.html
Armani Code Profumo,Giorgio Armani,https://www.fragrantica.com/perfume/Giorgio-Armani/Armani-Code-Profumo-34761.html
Vibrato,Sospiro Perfumes,https://www.fragrantica.com/perfume/Sospiro-Perfumes/Vibrato-75930.html
Cool Water Intense,Davidoff,https://www.fragrantica.com/perfume/Davidoff/Cool-Water-Intense-55266.html
Dolce&Gabbana Pour Femme,Dolce&Gabbana,https://www.fragrantica.com/perfume/Dolce-Gabbana/Dolce-Gabbana-Pour-Femme-15335.html
Uomo Salvatore Ferragamo Signature,Salvatore Ferragamo,https://www.fragrantica.com/perfume/Salvatore-Ferragamo/Uomo-Salvatore-Ferragamo-Signature-50797.html
A Drop d'Issey,Issey Miyake,https://www.fragrantica.com/perfume/Issey-Miyake/A-Drop-d-Issey-66334.html
Gucci Guilty,Gucci,https://www.fragrantica.com/perfume/Gucci/Gucci-Guilty-9677.html
The Matcha 26,Le Labo,https://www.fragrantica.com/perfume/Le-Labo/The-Matcha-26-69731.html
Ristretto Intense Café,Montale,https://www.fragrantica.com/perfume/Montale/Ristretto-Intense-Cafe-55001.html
Classique,Jean Paul Gaultier,https://www.fragrantica.com/perfume/Jean-Paul-Gaultier/Classique-427.html
Eau de Lacoste L.12.12. White,Lacoste Fragrances,https://www.fragrantica.com/perfume/Lacoste-Fragrances/Eau-de-Lacoste-L-12-12-White-11043.html
Golden Decade,Zara,https://www.fragrantica.com/perfume/Zara/Golden-Decade-69404.html
Straight to Heaven,By Kilian,https://www.fragrantica.com/perfume/By-Kilian/Straight-to-Heaven-4323.html
Bade'e Al Oud Honor & Glory,Lattafa Perfumes,https://www.fragrantica.com/perfume/Lattafa-Perfumes/Bade-e-Al-Oud-Honor-Glory-84302.html
Bombshell,Victoria's Secret,https://www.fragrantica.com/perfume/Victoria-s-Secret/Bombshell-10190.html
Poeme,Lancôme,https://www.fragrantica.com/perfume/Lancome/Poeme-171.html
R.E.M.,Ariana Grande,https://www.fragrantica.com/perfume/Ariana-Grande/R-E-M-62578.html
Valentino Donna Born In Roma Coral Fantasy,Valentino,https://www.fragrantica.com/perfume/Valentino/Valentino-Donna-Born-In-Roma-Coral-Fantasy-71760.html
Dune,Dior,https://www.fragrantica.com/perfume/Dior/Dune-221.html
Yes I Am,Cacharel,https://www.fragrantica.com/perfume/Cacharel/Yes-I-Am-48112.html
La Yuqawam Homme,Rasasi,https://www.fragrantica.com/perfume/Rasasi/La-Yuqawam-Homme-19668.html
Un Jardin à Cythère,Hermès,https://www.fragrantica.com/perfume/Hermes/Un-Jardin-a-Cythere-79225.html
CK IN2U for Her,Calvin Klein,https://www.fragrantica.com/perfume/Calvin-Klein/CK-IN2U-for-Her-934.html
Coach for Men,Coach,https://www.fragrantica.com/perfume/Coach/Coach-for-Men-45343.html
Winter Palace,Memo Paris,https://www.fragrantica.com/perfume/Memo-Paris/Winter-Palace-55377.html
Black Opium Over Red,Yves Saint Laurent,https://www.fragrantica.com/perfume/Yves-Saint-Laurent/Black-Opium-Over-Red-88707.html
Chanel No 5 L'Eau,Chanel,https://www.fragrantica.com/perfume/Chanel/Chanel-No-5-L-Eau-38543.html
La Vie Est Belle Iris Absolu,Lancôme,https://www.fragrantica.com/perfume/Lancome/La-Vie-Est-Belle-Iris-Absolu-79245.html
Jimmy Choo,Jimmy Choo,https://www.fragrantica.com/perfume/Jimmy-Choo/Jimmy-Choo-10573.html
The Only One Eau de Parfum Intense,Dolce&Gabbana,https://www.fragrantica.com/perfume/Dolce-Gabbana/The-Only-One-Eau-de-Parfum-Intense-59312.html
Polo Blue,Ralph Lauren,https://www.fragrantica.com/perfume/Ralph-Lauren/Polo-Blue-1198.html
Valentino Uomo Intense 2021,Valentino,https://www.fragrantica.com/perfume/Valentino/Valentino-Uomo-Intense-2021-75094.html
PINK MOLéCULE 090.09,ZARKOPERFUME,https://www.fragrantica.com/perfume/ZARKOPERFUME/PINK-MOLeCULE-090-09-25474.html
1 Million Royal,Paco Rabanne,https://www.fragrantica.com/perfume/Paco-Rabanne/1-Million-Royal-79159.html
Amore Caffè,Mancera,https://www.fragrantica.com/perfume/Mancera/Amore-Caffe-87409.html
Coromandel Eau de Parfum,Chanel,https://www.fragrantica.com/perfume/Chanel/Coromandel-Eau-de-Parfum-41783.html
L’Homme Ideal,Guerlain,https://www.fragrantica.com/perfume/Guerlain/L-Homme-Ideal-25780.html
Flora Gorgeous Jasmine,Gucci,https://www.fragrantica.com/perfume/Gucci/Flora-Gorgeous-Jasmine-75190.html
Cassili,Parfums de Marly,https://www.fragrantica.com/perfume/Parfums-de-Marly/Cassili-54660.html
Acqua di Giò Absolu,Giorgio Armani,https://www.fragrantica.com/perfume/Giorgio-Armani/Acqua-di-Gio-Absolu-48138.html
Black Orchid Parfum,Tom Ford,https://www.fragrantica.com/perfume/Tom-Ford/Black-Orchid-Parfum-62199.html
Tobacco Honey,Guerlain,https://www.fragrantica.com/perfume/Guerlain/Tobacco-Honey-84518.html
Versace Pour Homme Oud Noir,Versace,https://www.fragrantica.com/perfume/Versace/Versace-Pour-Homme-Oud-Noir-17338.html
Chrome,Azzaro,https://www.fragrantica.com/perfume/Azzaro/Chrome-788.html
Yara Tous,Lattafa Perfumes,https://www.fragrantica.com/perfume/Lattafa-Perfumes/Yara-Tous-83320.html
Eau de Soleil Blanc,Tom Ford,https://www.fragrantica.com/perfume/Tom-Ford/Eau-de-Soleil-Blanc-48152.html
Encens Suave,Matiere Premiere,https://www.fragrantica.com/perfume/Matiere-Premiere/Encens-Suave-59060.html
The Wedding Silk Santal | 36,Kayali Fragrances,https://www.fragrantica.com/perfume/Kayali-Fragrances/The-Wedding-Silk-Santal-36-83208.html
1 Million Privé,Paco Rabanne,https://www.fragrantica.com/perfume/Paco-Rabanne/1-Million-Prive-37698.html
Terracotta Le Parfum,Guerlain,https://www.fragrantica.com/perfume/Guerlain/Terracotta-Le-Parfum-24785.html
Vetiver,Guerlain,https://www.fragrantica.com/perfume/Guerlain/Vetiver-69.html
Invite Only Amber | 23,Kayali Fragrances,https://www.fragrantica.com/perfume/Kayali-Fragrances/Invite-Only-Amber-23-68958.html
One Umbrella for Two,Floraïku,https://www.fragrantica.com/perfume/Floraiku/One-Umbrella-for-Two-46165.html
Narcotic Venus,Nasomatto,https://www.fragrantica.com/perfume/Nasomatto/Narcotic-Venus-4292.html
Scandal By Night,Jean Paul Gaultier,https://www.fragrantica.com/perfume/Jean-Paul-Gaultier/Scandal-By-Night-50715.html
Sintra,Memo Paris,https://www.fragrantica.com/perfume/Memo-Paris/Sintra-62837.html
Cloud Pink,Ariana Grande,https://www.fragrantica.com/perfume/Ariana-Grande/Cloud-Pink-83995.html
Un Bois Vanille,Serge Lutens,https://www.fragrantica.com/perfume/Serge-Lutens/Un-Bois-Vanille-478.html
CH Men Prive,Carolina Herrera,https://www.fragrantica.com/perfume/Carolina-Herrera/CH-Men-Prive-31508.html
Rose Gourmand For Her,Zara,https://www.fragrantica.com/perfume/Zara/Rose-Gourmand-For-Her-63268.html
Trésor,Lancôme,https://www.fragrantica.com/perfume/Lancome/Tresor-172.html
Amethyst,Lalique,https://www.fragrantica.com/perfume/Lalique/Amethyst-1835.html
Good Girl Légère,Carolina Herrera,https://www.fragrantica.com/perfume/Carolina-Herrera/Good-Girl-Legere-48103.html
Unknown Pleasures,Kerosene,https://www.fragrantica.com/perfume/Kerosene/Unknown-Pleasures-17438.html
LouLou,Cacharel,https://www.fragrantica.com/perfume/Cacharel/LouLou-1276.html
Angel Elixir,Mugler,https://www.fragrantica.com/perfume/Mugler/Angel-Elixir-78581.html
Bouquet Ideale,Xerjoff,https://www.fragrantica.com/perfume/Xerjoff/Bouquet-Ideale-11800.html
La Tulipe,Byredo,https://www.fragrantica.com/perfume/Byredo/La-Tulipe-8441.html
Fresh Cream Warm Cashmere,Philosophy,https://www.fragrantica.com/perfume/Philosophy/Fresh-Cream-Warm-Cashmere-49834.html
Chance Eau de Parfum,Chanel,https://www.fragrantica.com/perfume/Chanel/Chance-Eau-de-Parfum-31351.html
Reflection 45 Man,Amouage,https://www.fragrantica.com/perfume/Amouage/Reflection-45-Man-69488.html
Eros Parfum,Versace,https://www.fragrantica.com/perfume/Versace/Eros-Parfum-70090.html
Le Parfum,Elie Saab,https://www.fragrantica.com/perfume/Elie-Saab/Le-Parfum-12258.html
Allure Homme Edition Blanche Eau de Parfum,Chanel,https://www.fragrantica.com/perfume/Chanel/Allure-Homme-Edition-Blanche-Eau-de-Parfum-28942.html
Autumn Vibes,Maison Martin Margiela,https://www.fragrantica.com/perfume/Maison-Martin-Margiela/Autumn-Vibes-67789.html
Remember Me,Jovoy Paris,https://www.fragrantica.com/perfume/Jovoy-Paris/Remember-Me-49435.html
La Fille de Berlin,Serge Lutens,https://www.fragrantica.com/perfume/Serge-Lutens/La-Fille-de-Berlin-17162.html
Mefisto,Xerjoff,https://www.fragrantica.com/perfume/Xerjoff/Mefisto-6310.html
Club de Nuit White Imperiale,Armaf,https://www.fragrantica.com/perfume/Armaf/Club-de-Nuit-White-Imperiale-78474.html
When the Rain Stops,Maison Martin Margiela,https://www.fragrantica.com/perfume/Maison-Martin-Margiela/When-the-Rain-Stops-70985.html
Feminité du Bois,Serge Lutens,https://www.fragrantica.com/perfume/Serge-Lutens/Feminite-du-Bois-5749.html
Gentleman Eau de Toilette Intense,Givenchy,https://www.fragrantica.com/perfume/Givenchy/Gentleman-Eau-de-Toilette-Intense-65051.html
Après l’Amour,Thomas Kosmala,https://www.fragrantica.com/perfume/Thomas-Kosmala/Apres-l-Amour-53742.html
Dolce&Gabbana Pour Homme (2012),Dolce&Gabbana,https://www.fragrantica.com/perfume/Dolce-Gabbana/Dolce-Gabbana-Pour-Homme-2012-15336.html
Dolce Garden,Dolce&Gabbana,https://www.fragrantica.com/perfume/Dolce-Gabbana/Dolce-Garden-48151.html
Sì Fiori,Giorgio Armani,https://www.fragrantica.com/perfume/Giorgio-Armani/Si-Fiori-53243.html
Porto Neroli,Maison Alhambra,https://www.fragrantica.com/perfume/Maison-Alhambra/Porto-Neroli-79939.html
Nefs,Nishane,https://www.fragrantica.com/perfume/Nishane/Nefs-54786.html
Rose Of No Man's Land,Byredo,https://www.fragrantica.com/perfume/Byredo/Rose-Of-No-Man-s-Land-31931.html
My Way Intense,Giorgio Armani,https://www.fragrantica.com/perfume/Giorgio-Armani/My-Way-Intense-68596.html
Gabrielle Essence,Chanel,https://www.fragrantica.com/perfume/Chanel/Gabrielle-Essence-56076.html
SOL Cheirosa ’62 Eau de Parfum,Sol de Janeiro,https://www.fragrantica.com/perfume/Sol-de-Janeiro/SOL-Cheirosa-62-Eau-de-Parfum-60095.html
Un Jardin en Méditerranée,Hermès,https://www.fragrantica.com/perfume/Hermes/Un-Jardin-en-Mediterranee-19.html
Trussardi Donna (2011),Trussardi,https://www.fragrantica.com/perfume/Trussardi/Trussardi-Donna-2011-13066.html
Miss Dior Absolutely Blooming,Dior,https://www.fragrantica.com/perfume/Dior/Miss-Dior-Absolutely-Blooming-39070.html
Libre Eau de Toilette,Yves Saint Laurent,https://www.fragrantica.com/perfume/Yves-Saint-Laurent/Libre-Eau-de-Toilette-65936.html
Roses Musk,Montale,https://www.fragrantica.com/perfume/Montale/Roses-Musk-1148.html
Under The Lemon Tree,Maison Martin Margiela,https://www.fragrantica.com/perfume/Maison-Martin-Margiela/Under-The-Lemon-Tree-53379.html
Coco Mademoiselle Parfum,Chanel,https://www.fragrantica.com/perfume/Chanel/Coco-Mademoiselle-Parfum-6928.html
Soleil Neige,Tom Ford,https://www.fragrantica.com/perfume/Tom-Ford/Soleil-Neige-56737.html
Vanilla Sex,Tom Ford,https://www.fragrantica.com/perfume/Tom-Ford/Vanilla-Sex-88588.html
Twilly d’Hermès,Hermès,https://www.fragrantica.com/perfume/Hermes/Twilly-d-Hermes-46145.html
4711 Original Eau de Cologne,4711,https://www.fragrantica.com/perfume/4711/4711-Original-Eau-de-Cologne-3256.html
Followed,Kerosene,https://www.fragrantica.com/perfume/Kerosene/Followed-75977.html
Smoking Hot,By Kilian,https://www.fragrantica.com/perfume/By-Kilian/Smoking-Hot-84413.html
Écrin de Fumée,Serge Lutens,https://www.fragrantica.com/perfume/Serge-Lutens/Ecrin-de-Fumee-79576.html
Organza,Givenchy,https://www.fragrantica.com/perfume/Givenchy/Organza-4.html
Kenzo Homme Eau de Toilette Intense,Kenzo,https://www.fragrantica.com/perfume/Kenzo/Kenzo-Homme-Eau-de-Toilette-Intense-67899.html
Obsession,Calvin Klein,https://www.fragrantica.com/perfume/Calvin-Klein/Obsession-248.html
Cuoium,Orto Parisi,https://www.fragrantica.com/perfume/Orto-Parisi/Cuoium-69923.html
Egoiste,Chanel,https://www.fragrantica.com/perfume/Chanel/Egoiste-613.html
London,Burberry,https://www.fragrantica.com/perfume/Burberry/London-813.html
On A Date,Maison Martin Margiela,https://www.fragrantica.com/perfume/Maison-Martin-Margiela/On-A-Date-78292.html
L'Imperatrice Limited Edition,Dolce&Gabbana,https://www.fragrantica.com/perfume/Dolce-Gabbana/L-Imperatrice-Limited-Edition-63485.html
Triumph Of Bacchus,Argos,https://www.fragrantica.com/perfume/Argos/Triumph-Of-Bacchus-60777.html
Narciso Rodriguez for Him Bleu Noir Parfum,Narciso Rodriguez,https://www.fragrantica.com/perfume/Narciso-Rodriguez/Narciso-Rodriguez-for-Him-Bleu-Noir-Parfum-71783.html
Black Opium Extreme,Yves Saint Laurent,https://www.fragrantica.com/perfume/Yves-Saint-Laurent/Black-Opium-Extreme-68506.html
Prada L'Homme L'Eau,Prada,https://www.fragrantica.com/perfume/Prada/Prada-L-Homme-L-Eau-46400.html
Club De Nuit Urban Elixir,Armaf,https://www.fragrantica.com/perfume/Armaf/Club-De-Nuit-Urban-Elixir-77860.html
Shalimar Millésime Tonka,Guerlain,https://www.fragrantica.com/perfume/Guerlain/Shalimar-Millesime-Tonka-76063.html
Nectarine Blossom & Honey,Jo Malone London,https://www.fragrantica.com/perfume/Jo-Malone-London/Nectarine-Blossom-Honey-3782.html
Wild Bluebell,Jo Malone London,https://www.fragrantica.com/perfume/Jo-Malone-London/Wild-Bluebell-12310.html
Invictus Platinum,Paco Rabanne,https://www.fragrantica.com/perfume/Paco-Rabanne/Invictus-Platinum-72557.html
Promise,Frederic Malle,https://www.fragrantica.com/perfume/Frederic-Malle/Promise-47332.html
Hermessence Ambre Narguile,Hermès,https://www.fragrantica.com/perfume/Hermes/Hermessence-Ambre-Narguile-2669.html
La Nuit Trésor à la Folie,Lancôme,https://www.fragrantica.com/perfume/Lancome/La-Nuit-Tresor-a-la-Folie-48019.html
Qaed Al Fursan Unlimited,Lattafa Perfumes,https://www.fragrantica.com/perfume/Lattafa-Perfumes/Qaed-Al-Fursan-Unlimited-82590.html
Valentino Uomo Born In Roma Yellow Dream,Valentino,https://www.fragrantica.com/perfume/Valentino/Valentino-Uomo-Born-In-Roma-Yellow-Dream-64614.html
Bottega Veneta,Bottega Veneta,https://www.fragrantica.com/perfume/Bottega-Veneta/Bottega-Veneta-12863.html
CK be,Calvin Klein,https://www.fragrantica.com/perfume/Calvin-Klein/CK-be-275.html
Light Blue pour Homme Italian Love,Dolce&Gabbana,https://www.fragrantica.com/perfume/Dolce-Gabbana/Light-Blue-pour-Homme-Italian-Love-72622.html
Silky Woods,Goldfield & Banks Australia,https://www.fragrantica.com/perfume/Goldfield-Banks-Australia/Silky-Woods-66766.html
Hypnotic Poison Eau de Parfum,Dior,https://www.fragrantica.com/perfume/Dior/Hypnotic-Poison-Eau-de-Parfum-23098.html
Encelade,Marc-Antoine Barrois,https://www.fragrantica.com/perfume/Marc-Antoine-Barrois/Encelade-74121.html
Sailing Day,Maison Martin Margiela,https://www.fragrantica.com/perfume/Maison-Martin-Margiela/Sailing-Day-47891.html
Sunrise On The Red Sand Dunes,Zara,https://www.fragrantica.com/perfume/Zara/Sunrise-On-The-Red-Sand-Dunes-79102.html
Black Saffron,Byredo,https://www.fragrantica.com/perfume/Byredo/Black-Saffron-16220.html
Fancy,Jessica Simpson,https://www.fragrantica.com/perfume/Jessica-Simpson/Fancy-4094.html
Yellow Diamond,Versace,https://www.fragrantica.com/perfume/Versace/Yellow-Diamond-13064.html
Casablanca,Swiss Arabian,https://www.fragrantica.com/perfume/Swiss-Arabian/Casablanca-42181.html
Daisy Eau So Fresh,Marc Jacobs,https://www.fragrantica.com/perfume/Marc-Jacobs/Daisy-Eau-So-Fresh-10858.html
Kouros,Yves Saint Laurent,https://www.fragrantica.com/perfume/Yves-Saint-Laurent/Kouros-735.html
Tobacco,Franck Boclet,https://www.fragrantica.com/perfume/Franck-Boclet/Tobacco-29147.html
Ansaam Gold,Lattafa Perfumes,https://www.fragrantica.com/perfume/Lattafa-Perfumes/Ansaam-Gold-82731.html
Lalique Le Parfum,Lalique,https://www.fragrantica.com/perfume/Lalique/Lalique-Le-Parfum-1840.html
Moonlight,Ariana Grande,https://www.fragrantica.com/perfume/Ariana-Grande/Moonlight-46410.html
Jimmy Choo Fever,Jimmy Choo,https://www.fragrantica.com/perfume/Jimmy-Choo/Jimmy-Choo-Fever-49615.html
Perles De Lalique,Lalique,https://www.fragrantica.com/perfume/Lalique/Perles-De-Lalique-1833.html
Wanted,Azzaro,https://www.fragrantica.com/perfume/Azzaro/Wanted-38686.html
Soft,Al-Rehab,https://www.fragrantica.com/perfume/Al-Rehab/Soft-20116.html
Spicebomb Night Vision Eau de Parfum,Viktor&Rolf,https://www.fragrantica.com/perfume/Viktor-Rolf/Spicebomb-Night-Vision-Eau-de-Parfum-62253.html
Missing Person,Phlur,https://www.fragrantica.com/perfume/Phlur/Missing-Person-72665.html
Bergamask,Orto Parisi,https://www.fragrantica.com/perfume/Orto-Parisi/Bergamask-24191.html
Acqua di Parma Blu Mediterraneo - Mandorlo di Sicilia,Acqua di Parma,https://www.fragrantica.com/perfume/Acqua-di-Parma/Acqua-di-Parma-Blu-Mediterraneo-Mandorlo-di-Sicilia-1688.html
Lust for Sun,Juliette Has A Gun,https://www.fragrantica.com/perfume/Juliette-Has-A-Gun/Lust-for-Sun-80004.html
Un Jardin Sur Le Toit,Hermès,https://www.fragrantica.com/perfume/Hermes/Un-Jardin-Sur-Le-Toit-11502.html
Bright Peach,Maison Alhambra,https://www.fragrantica.com/perfume/Maison-Alhambra/Bright-Peach-79937.html
Eau Sauvage,Dior,https://www.fragrantica.com/perfume/Dior/Eau-Sauvage-231.html
French Riviera,Mancera,https://www.fragrantica.com/perfume/Mancera/French-Riviera-74636.html
Gucci Rush,Gucci,https://www.fragrantica.com/perfume/Gucci/Gucci-Rush-686.html
Fille en Aiguilles,Serge Lutens,https://www.fragrantica.com/perfume/Serge-Lutens/Fille-en-Aiguilles-6619.html
Polo,Ralph Lauren,https://www.fragrantica.com/perfume/Ralph-Lauren/Polo-890.html
Tobacco Oud,Tom Ford,https://www.fragrantica.com/perfume/Tom-Ford/Tobacco-Oud-21402.html
Luna Rossa Ocean Eau de Parfum,Prada,https://www.fragrantica.com/perfume/Prada/Luna-Rossa-Ocean-Eau-de-Parfum-81280.html
Eilish No 2,Billie Eilish,https://www.fragrantica.com/perfume/Billie-Eilish/Eilish-No-2-76532.html
H24 Eau de Parfum,Hermès,https://www.fragrantica.com/perfume/Hermes/H24-Eau-de-Parfum-75811.html
Allure Eau de Parfum,Chanel,https://www.fragrantica.com/perfume/Chanel/Allure-Eau-de-Parfum-176.html
L'Eau d'Hiver,Frederic Malle,https://www.fragrantica.com/perfume/Frederic-Malle/L-Eau-d-Hiver-2797.html
Escentric 02,Escentric Molecules,https://www.fragrantica.com/perfume/Escentric-Molecules/Escentric-02-3607.html
Q by Dolce & Gabbana,Dolce&Gabbana,https://www.fragrantica.com/perfume/Dolce-Gabbana/Q-by-Dolce-Gabbana-78873.html
Oud Satin Mood Extrait de parfum,Maison Francis Kurkdjian,https://www.fragrantica.com/perfume/Maison-Francis-Kurkdjian/Oud-Satin-Mood-Extrait-de-parfum-48463.html
Fire At Will,Jovoy Paris,https://www.fragrantica.com/perfume/Jovoy-Paris/Fire-At-Will-70289.html
CH Men,Carolina Herrera,https://www.fragrantica.com/perfume/Carolina-Herrera/CH-Men-6759.html
Flowerbomb Ruby Orchid,Viktor&Rolf,https://www.fragrantica.com/perfume/Viktor-Rolf/Flowerbomb-Ruby-Orchid-70984.html
Aqva Pour Homme,Bvlgari,https://www.fragrantica.com/perfume/Bvlgari/Aqva-Pour-Homme-153.html
More Than Words,Xerjoff,https://www.fragrantica.com/perfume/Xerjoff/More-Than-Words-16450.html
Pacific Rock Moss,Goldfield & Banks Australia,https://www.fragrantica.com/perfume/Goldfield-Banks-Australia/Pacific-Rock-Moss-44120.html
Pacific Chill,Louis Vuitton,https://www.fragrantica.com/perfume/Louis-Vuitton/Pacific-Chill-81423.html
Touch for Men,Burberry,https://www.fragrantica.com/perfume/Burberry/Touch-for-Men-815.html
Indigo,Nest,https://www.fragrantica.com/perfume/Nest/Indigo-26845.html
Qaa'ed,Lattafa Perfumes,https://www.fragrantica.com/perfume/Lattafa-Perfumes/Qaa-ed-64949.html
Tobacco Touch,Maison Alhambra,https://www.fragrantica.com/perfume/Maison-Alhambra/Tobacco-Touch-79943.html
Philosykos Eau de Toilette,Diptyque,https://www.fragrantica.com/perfume/Diptyque/Philosykos-Eau-de-Toilette-72040.html
Love Tuberose,Amouage,https://www.fragrantica.com/perfume/Amouage/Love-Tuberose-50889.html
Olympéa Solar,Paco Rabanne,https://www.fragrantica.com/perfume/Paco-Rabanne/Olympea-Solar-72556.html
La Panthere,Cartier,https://www.fragrantica.com/perfume/Cartier/La-Panthere-23295.html
Awake,Akro,https://www.fragrantica.com/perfume/Akro/Awake-51704.html
Lovely,Sarah Jessica Parker,https://www.fragrantica.com/perfume/Sarah-Jessica-Parker/Lovely-993.html
Squid,Zoologist Perfumes,https://www.fragrantica.com/perfume/Zoologist-Perfumes/Squid-56294.html
212 VIP Black,Carolina Herrera,https://www.fragrantica.com/perfume/Carolina-Herrera/212-VIP-Black-46093.html
Bergamote 22,Le Labo,https://www.fragrantica.com/perfume/Le-Labo/Bergamote-22-6327.html
Eros Pour Femme,Versace,https://www.fragrantica.com/perfume/Versace/Eros-Pour-Femme-28958.html
Greenwich Village,Bond No 9,https://www.fragrantica.com/perfume/Bond-No-9/Greenwich-Village-54157.html
Honour Woman,Amouage,https://www.fragrantica.com/perfume/Amouage/Honour-Woman-12762.html
K by Dolce & Gabbana Eau de Parfum,Dolce&Gabbana,https://www.fragrantica.com/perfume/Dolce-Gabbana/K-by-Dolce-Gabbana-Eau-de-Parfum-62311.html
Armani Prive Rouge Malachite,Giorgio Armani,https://www.fragrantica.com/perfume/Giorgio-Armani/Armani-Prive-Rouge-Malachite-34589.html
Hindu Kush,Mancera,https://www.fragrantica.com/perfume/Mancera/Hindu-Kush-49030.html
Velvet Tonka,BDK Parfums,https://www.fragrantica.com/perfume/BDK-Parfums/Velvet-Tonka-68119.html
Noir Pour Femme,Tom Ford,https://www.fragrantica.com/perfume/Tom-Ford/Noir-Pour-Femme-30957.html
Fève Délicieuse,Dior,https://www.fragrantica.com/perfume/Dior/Feve-Delicieuse-30164.html
Sweet Diamond Pink Pepper 25,Kayali Fragrances,https://www.fragrantica.com/perfume/Kayali-Fragrances/Sweet-Diamond-Pink-Pepper-25-67023.html
A La Rose,Maison Francis Kurkdjian,https://www.fragrantica.com/perfume/Maison-Francis-Kurkdjian/A-La-Rose-29083.html
Decadence,Marc Jacobs,https://www.fragrantica.com/perfume/Marc-Jacobs/Decadence-31226.html
5th Avenue,Elizabeth Arden,https://www.fragrantica.com/perfume/Elizabeth-Arden/5th-Avenue-81.html
Apollonia,Xerjoff,https://www.fragrantica.com/perfume/Xerjoff/Apollonia-55970.html
Insurrection II Wild,Reyane Tradition,https://www.fragrantica.com/perfume/Reyane-Tradition/Insurrection-II-Wild-30721.html
Cinéma,Yves Saint Laurent,https://www.fragrantica.com/perfume/Yves-Saint-Laurent/Cinema-92.html
Nio,Xerjoff,https://www.fragrantica.com/perfume/Xerjoff/Nio-10244.html
Love Don't Be Shy Extreme,By Kilian,https://www.fragrantica.com/perfume/By-Kilian/Love-Don-t-Be-Shy-Extreme-64761.html
Luna,Penhaligon's,https://www.fragrantica.com/perfume/Penhaligon-s/Luna-38351.html
The Tragedy of Lord George,Penhaligon's,https://www.fragrantica.com/perfume/Penhaligon-s/The-Tragedy-of-Lord-George-40716.html
L’Homme Idéal Platine Privé,Guerlain,https://www.fragrantica.com/perfume/Guerlain/L-Homme-Ideal-Platine-Prive-80691.html
Antaeus,Chanel,https://www.fragrantica.com/perfume/Chanel/Antaeus-616.html
Idôle Aura,Lancôme,https://www.fragrantica.com/perfume/Lancome/Idole-Aura-67578.html
Lovely Chèrie,Maison Alhambra,https://www.fragrantica.com/perfume/Maison-Alhambra/Lovely-Cherie-79944.html
Bentley For Men Absolute,Bentley,https://www.fragrantica.com/perfume/Bentley/Bentley-For-Men-Absolute-25694.html
Cherry Smoothie,Zara,https://www.fragrantica.com/perfume/Zara/Cherry-Smoothie-72492.html
Sì Intense 2021,Giorgio Armani,https://www.fragrantica.com/perfume/Giorgio-Armani/Si-Intense-2021-64853.html
Ana Abiyedh,Lattafa Perfumes,https://www.fragrantica.com/perfume/Lattafa-Perfumes/Ana-Abiyedh-59149.html
Azzaro pour Homme,Azzaro,https://www.fragrantica.com/perfume/Azzaro/Azzaro-pour-Homme-829.html
This is Him,Zadig & Voltaire,https://www.fragrantica.com/perfume/Zadig-Voltaire/This-is-Him-39359.html
Prada Amber Pour Homme (Prada Man),Prada,https://www.fragrantica.com/perfume/Prada/Prada-Amber-Pour-Homme-Prada-Man-1044.html
White Suede,Tom Ford,https://www.fragrantica.com/perfume/Tom-Ford/White-Suede-6386.html
Daarej pour Homme,Rasasi,https://www.fragrantica.com/perfume/Rasasi/Daarej-pour-Homme-19688.html
Pure XS,Paco Rabanne,https://www.fragrantica.com/perfume/Paco-Rabanne/Pure-XS-46038.html
Hermann à mes Côtés me Paraissait une Ombre,Etat Libre d'Orange,https://www.fragrantica.com/perfume/Etat-Libre-d-Orange/Hermann-a-mes-Cotes-me-Paraissait-une-Ombre-34730.html
Allure Homme,Chanel,https://www.fragrantica.com/perfume/Chanel/Allure-Homme-523.html
Hero Eau de Parfum,Burberry,https://www.fragrantica.com/perfume/Burberry/Hero-Eau-de-Parfum-75182.html
Tommy,Tommy Hilfiger,https://www.fragrantica.com/perfume/Tommy-Hilfiger/Tommy-6314.html
Vanille Havane,Les Indemodables,https://www.fragrantica.com/perfume/Les-Indemodables/Vanille-Havane-63395.html
Eternity For Men,Calvin Klein,https://www.fragrantica.com/perfume/Calvin-Klein/Eternity-For-Men-258.html
Essenza di Colonia,Acqua di Parma,https://www.fragrantica.com/perfume/Acqua-di-Parma/Essenza-di-Colonia-9829.html
Electric Cherry,Tom Ford,https://www.fragrantica.com/perfume/Tom-Ford/Electric-Cherry-78583.html
Sunset Hour,Goldfield & Banks Australia,https://www.fragrantica.com/perfume/Goldfield-Banks-Australia/Sunset-Hour-70950.html
Rose Prick,Tom Ford,https://www.fragrantica.com/perfume/Tom-Ford/Rose-Prick-58781.html
Chanel No 19 Eau de Parfum,Chanel,https://www.fragrantica.com/perfume/Chanel/Chanel-No-19-Eau-de-Parfum-12345.html
Club de Nuit Intense,Armaf,https://www.fragrantica.com/perfume/Armaf/Club-de-Nuit-Intense-27656.html
Do Son Eau de Toilette,Diptyque,https://www.fragrantica.com/perfume/Diptyque/Do-Son-Eau-de-Toilette-6501.html
La Vie Est Belle Soleil Cristal,Lancôme,https://www.fragrantica.com/perfume/Lancome/La-Vie-Est-Belle-Soleil-Cristal-65156.html
Blue Seduction,Antonio Banderas,https://www.fragrantica.com/perfume/Antonio-Banderas/Blue-Seduction-1088.html
Narciso Rouge,Narciso Rodriguez,https://www.fragrantica.com/perfume/Narciso-Rodriguez/Narciso-Rouge-49331.html
Holidays,Mancera,https://www.fragrantica.com/perfume/Mancera/Holidays-42888.html
Passeggiata In Galleria Vittorio Emanuele II,Trussardi,https://www.fragrantica.com/perfume/Trussardi/Passeggiata-In-Galleria-Vittorio-Emanuele-II-59827.html
The One Luminous Night,Dolce&Gabbana,https://www.fragrantica.com/perfume/Dolce-Gabbana/The-One-Luminous-Night-65224.html
Beach Hut Man,Amouage,https://www.fragrantica.com/perfume/Amouage/Beach-Hut-Man-46336.html
Declaration,Cartier,https://www.fragrantica.com/perfume/Cartier/Declaration-307.html
The Bewitching Yasmine,Penhaligon's,https://www.fragrantica.com/perfume/Penhaligon-s/The-Bewitching-Yasmine-46504.html
Womanity,Mugler,https://www.fragrantica.com/perfume/Mugler/Womanity-8766.html
Vibrant Leather Eau de Parfum,Zara,https://www.fragrantica.com/perfume/Zara/Vibrant-Leather-Eau-de-Parfum-50122.html
Narciso Eau de Parfum Ambrée,Narciso Rodriguez,https://www.fragrantica.com/perfume/Narciso-Rodriguez/Narciso-Eau-de-Parfum-Ambree-60867.html
212 VIP Men,Carolina Herrera,https://www.fragrantica.com/perfume/Carolina-Herrera/212-VIP-Men-12865.html
Vanilla Cake,Montale,https://www.fragrantica.com/perfume/Montale/Vanilla-Cake-48948.html
Dom Rosa,Les Liquides Imaginaires,https://www.fragrantica.com/perfume/Les-Liquides-Imaginaires/Dom-Rosa-23083.html
Dior Homme,Dior,https://www.fragrantica.com/perfume/Dior/Dior-Homme-13015.html
Blessed Baraka,Initio Parfums Prives,https://www.fragrantica.com/perfume/Initio-Parfums-Prives/Blessed-Baraka-30991.html
Molecule 01 + Iris,Escentric Molecules,https://www.fragrantica.com/perfume/Escentric-Molecules/Molecule-01-Iris-66048.html
Pegasus Exclusif,Parfums de Marly,https://www.fragrantica.com/perfume/Parfums-de-Marly/Pegasus-Exclusif-63100.html
Café Rose (2023),Tom Ford,https://www.fragrantica.com/perfume/Tom-Ford/Cafe-Rose-2023-83771.html
Cassiopea,Tiziana Terenzi,https://www.fragrantica.com/perfume/Tiziana-Terenzi/Cassiopea-30624.html
Dulce,By / Rosie Jane,https://www.fragrantica.com/perfume/By-Rosie-Jane/Dulce-79146.html
Bad Boy Le Parfum,Carolina Herrera,https://www.fragrantica.com/perfume/Carolina-Herrera/Bad-Boy-Le-Parfum-65718.html
A*Men Pure Malt,Mugler,https://www.fragrantica.com/perfume/Mugler/A-Men-Pure-Malt-6103.html
Dior Homme Cologne 2013,Dior,https://www.fragrantica.com/perfume/Dior/Dior-Homme-Cologne-2013-17256.html
Intense Oud,Gucci,https://www.fragrantica.com/perfume/Gucci/Intense-Oud-32743.html
Flowerbomb Nectar,Viktor&Rolf,https://www.fragrantica.com/perfume/Viktor-Rolf/Flowerbomb-Nectar-48062.html
Coffee Addict,Theodoros Kalotinis,https://www.fragrantica.com/perfume/Theodoros-Kalotinis/Coffee-Addict-64660.html
My Way Parfum,Giorgio Armani,https://www.fragrantica.com/perfume/Giorgio-Armani/My-Way-Parfum-78561.html
Eau des Merveilles,Hermès,https://www.fragrantica.com/perfume/Hermes/Eau-des-Merveilles-9.html
F by Ferragamo Black,Salvatore Ferragamo,https://www.fragrantica.com/perfume/Salvatore-Ferragamo/F-by-Ferragamo-Black-5002.html
Aventus Cologne,Creed,https://www.fragrantica.com/perfume/Creed/Aventus-Cologne-51692.html
212 VIP Rosé,Carolina Herrera,https://www.fragrantica.com/perfume/Carolina-Herrera/212-VIP-Rose-22857.html
Legend Eau de Parfum,Montblanc,https://www.fragrantica.com/perfume/Montblanc/Legend-Eau-de-Parfum-62583.html
L'Aventure,Al Haramain Perfumes,https://www.fragrantica.com/perfume/Al-Haramain-Perfumes/L-Aventure-40405.html
Fat Electrician Semi-Modern Vetiver,Etat Libre d'Orange,https://www.fragrantica.com/perfume/Etat-Libre-d-Orange/Fat-Electrician-Semi-Modern-Vetiver-7139.html
Jasmin Rouge,Tom Ford,https://www.fragrantica.com/perfume/Tom-Ford/Jasmin-Rouge-12765.html
Fierce,Abercrombie & Fitch,https://www.fragrantica.com/perfume/Abercrombie-Fitch/Fierce-3508.html
Ocean di Gioia,Giorgio Armani,https://www.fragrantica.com/perfume/Giorgio-Armani/Ocean-di-Gioia-59809.html
En Passant,Frederic Malle,https://www.fragrantica.com/perfume/Frederic-Malle/En-Passant-2793.html
Vanille Absolu,Montale,https://www.fragrantica.com/perfume/Montale/Vanille-Absolu-4064.html
Amarige,Givenchy,https://www.fragrantica.com/perfume/Givenchy/Amarige-3.html
Pleasures,Estée Lauder,https://www.fragrantica.com/perfume/Estee-Lauder/Pleasures-536.html
Oud Mood,Lattafa Perfumes,https://www.fragrantica.com/perfume/Lattafa-Perfumes/Oud-Mood-46814.html
Dolce Vita,Dior,https://www.fragrantica.com/perfume/Dior/Dolce-Vita-222.html
Clinique Happy,Clinique,https://www.fragrantica.com/perfume/Clinique/Clinique-Happy-372.html
Safanad,Parfums de Marly,https://www.fragrantica.com/perfume/Parfums-de-Marly/Safanad-18749.html
Mandarino di Amalfi,Tom Ford,https://www.fragrantica.com/perfume/Tom-Ford/Mandarino-di-Amalfi-25481.html
Clinique Happy,Clinique,https://www.fragrantica.com/perfume/Clinique/Clinique-Happy-373.html
The Tux,Maison Alhambra,https://www.fragrantica.com/perfume/Maison-Alhambra/The-Tux-78559.html
Musk 12,Kayali Fragrances,https://www.fragrantica.com/perfume/Kayali-Fragrances/Musk-12-52615.html
Moschino Funny!,Moschino,https://www.fragrantica.com/perfume/Moschino/Moschino-Funny-1215.html
Aqua Allegoria Herba Fresca,Guerlain,https://www.fragrantica.com/perfume/Guerlain/Aqua-Allegoria-Herba-Fresca-60.html
Ajwad,Lattafa Perfumes,https://www.fragrantica.com/perfume/Lattafa-Perfumes/Ajwad-75099.html
Burberry Her Eau de Toilette,Burberry,https://www.fragrantica.com/perfume/Burberry/Burberry-Her-Eau-de-Toilette-71379.html
Polo Red,Ralph Lauren,https://www.fragrantica.com/perfume/Ralph-Lauren/Polo-Red-18598.html
Rose 31,Le Labo,https://www.fragrantica.com/perfume/Le-Labo/Rose-31-3678.html
Tres Nuit,Armaf,https://www.fragrantica.com/perfume/Armaf/Tres-Nuit-27711.html
Tobacco Collection Rich Warm Addictive 2021,Zara,https://www.fragrantica.com/perfume/Zara/Tobacco-Collection-Rich-Warm-Addictive-2021-69134.html
Le Lion Eau de Parfum,Chanel,https://www.fragrantica.com/perfume/Chanel/Le-Lion-Eau-de-Parfum-61036.html
Hayati,Attar Collection,https://www.fragrantica.com/perfume/Attar-Collection/Hayati-50344.html
Club de Nuit Woman,Armaf,https://www.fragrantica.com/perfume/Armaf/Club-de-Nuit-Woman-27655.html
Oud Malaki,Chopard,https://www.fragrantica.com/perfume/Chopard/Oud-Malaki-17184.html
Metallique,Tom Ford,https://www.fragrantica.com/perfume/Tom-Ford/Metallique-55766.html
Tam Dao Eau de Parfum,Diptyque,https://www.fragrantica.com/perfume/Diptyque/Tam-Dao-Eau-de-Parfum-49104.html
Uden,Xerjoff,https://www.fragrantica.com/perfume/Xerjoff/Uden-6306.html
Lilac Love,Amouage,https://www.fragrantica.com/perfume/Amouage/Lilac-Love-35624.html
Viking,Creed,https://www.fragrantica.com/perfume/Creed/Viking-41698.html
Fig Infusion,Essential Parfums,https://www.fragrantica.com/perfume/Essential-Parfums/Fig-Infusion-73092.html
Gabrielle,Chanel,https://www.fragrantica.com/perfume/Chanel/Gabrielle-43718.html
Narciso,Narciso Rodriguez,https://www.fragrantica.com/perfume/Narciso-Rodriguez/Narciso-26127.html
Miu Miu Fleur de Lait,Miu Miu,https://www.fragrantica.com/perfume/Miu-Miu/Miu-Miu-Fleur-de-Lait-78755.html
Eden,Cacharel,https://www.fragrantica.com/perfume/Cacharel/Eden-244.html
Molecule 01 + Mandarin,Escentric Molecules,https://www.fragrantica.com/perfume/Escentric-Molecules/Molecule-01-Mandarin-66047.html
Panettone,Milano Fragranze,https://www.fragrantica.com/perfume/Milano-Fragranze/Panettone-71006.html
Eternity,Calvin Klein,https://www.fragrantica.com/perfume/Calvin-Klein/Eternity-257.html
Ambassador Intense,Gisada,https://www.fragrantica.com/perfume/Gisada/Ambassador-Intense-76636.html
Pink Me Up,Atelier des Ors,https://www.fragrantica.com/perfume/Atelier-des-Ors/Pink-Me-Up-76834.html
Comme des Garcons 2,Comme des Garcons,https://www.fragrantica.com/perfume/Comme-des-Garcons/Comme-des-Garcons-2-390.html
The Blazing Mr Sam,Penhaligon's,https://www.fragrantica.com/perfume/Penhaligon-s/The-Blazing-Mr-Sam-50255.html
Eden Sparkling Lychee | 39 Eau de Parfum,Kayali Fragrances,https://www.fragrantica.com/perfume/Kayali-Fragrances/Eden-Sparkling-Lychee-39-Eau-de-Parfum-88197.html
Amyris Femme,Maison Francis Kurkdjian,https://www.fragrantica.com/perfume/Maison-Francis-Kurkdjian/Amyris-Femme-15565.html
Tilda Swinton Like This,Etat Libre d'Orange,https://www.fragrantica.com/perfume/Etat-Libre-d-Orange/Tilda-Swinton-Like-This-8893.html
Costa Azzurra,Tom Ford,https://www.fragrantica.com/perfume/Tom-Ford/Costa-Azzurra-64617.html
Princess,Vera Wang,https://www.fragrantica.com/perfume/Vera-Wang/Princess-1596.html
Uomo Salvatore Ferragamo,Salvatore Ferragamo,https://www.fragrantica.com/perfume/Salvatore-Ferragamo/Uomo-Salvatore-Ferragamo-39466.html
Parisian Musc,Matiere Premiere,https://www.fragrantica.com/perfume/Matiere-Premiere/Parisian-Musc-59063.html
Cuir Béluga,Guerlain,https://www.fragrantica.com/perfume/Guerlain/Cuir-Beluga-1019.html
Gucci Guilty Pour Homme Parfum,Gucci,https://www.fragrantica.com/perfume/Gucci/Gucci-Guilty-Pour-Homme-Parfum-71378.html
L'Interdit Eau de Parfum Rouge Ultime,Givenchy,https://www.fragrantica.com/perfume/Givenchy/L-Interdit-Eau-de-Parfum-Rouge-Ultime-83865.html
Opium Eau de Parfum 2009,Yves Saint Laurent,https://www.fragrantica.com/perfume/Yves-Saint-Laurent/Opium-Eau-de-Parfum-2009-7399.html
Mod Blush,Ariana Grande,https://www.fragrantica.com/perfume/Ariana-Grande/Mod-Blush-77800.html
Malibu - Party in the Bay,Simone Andreoli,https://www.fragrantica.com/perfume/Simone-Andreoli/Malibu-Party-in-the-Bay-49244.html
Casmir,Chopard,https://www.fragrantica.com/perfume/Chopard/Casmir-348.html
Midnight Poison,Dior,https://www.fragrantica.com/perfume/Dior/Midnight-Poison-1282.html
Chance Eau de Toilette,Chanel,https://www.fragrantica.com/perfume/Chanel/Chance-Eau-de-Toilette-610.html
Blonde Amber,Clive Christian,https://www.fragrantica.com/perfume/Clive-Christian/Blonde-Amber-73595.html
Leisure in Paradise,Simone Andreoli,https://www.fragrantica.com/perfume/Simone-Andreoli/Leisure-in-Paradise-61927.html
Samsara Eau de Parfum,Guerlain,https://www.fragrantica.com/perfume/Guerlain/Samsara-Eau-de-Parfum-55.html
Obsession for Men,Calvin Klein,https://www.fragrantica.com/perfume/Calvin-Klein/Obsession-for-Men-249.html
Spice & Black Vanilla,Cremo,https://www.fragrantica.com/perfume/Cremo/Spice-Black-Vanilla-49040.html
Florabotanica,Balenciaga,https://www.fragrantica.com/perfume/Balenciaga/Florabotanica-15512.html
Cool Water,Davidoff,https://www.fragrantica.com/perfume/Davidoff/Cool-Water-508.html
Carved Oud,Thameen,https://www.fragrantica.com/perfume/Thameen/Carved-Oud-20509.html
Tam Dao Eau de Toilette,Diptyque,https://www.fragrantica.com/perfume/Diptyque/Tam-Dao-Eau-de-Toilette-3956.html
Soie Malaquais,Dries Van Noten,https://www.fragrantica.com/perfume/Dries-Van-Noten/Soie-Malaquais-72605.html
Les Absolus d'Orient Santal Royal,Guerlain,https://www.fragrantica.com/perfume/Guerlain/Les-Absolus-d-Orient-Santal-Royal-28246.html
White Tea,Elizabeth Arden,https://www.fragrantica.com/perfume/Elizabeth-Arden/White-Tea-42439.html
Can't Stop Loving You,By Kilian,https://www.fragrantica.com/perfume/By-Kilian/Can-t-Stop-Loving-You-78735.html
Velvet Vanilla,Mancera,https://www.fragrantica.com/perfume/Mancera/Velvet-Vanilla-39835.html
Icon,Alfred Dunhill,https://www.fragrantica.com/perfume/Alfred-Dunhill/Icon-29229.html
The Moon,Frederic Malle,https://www.fragrantica.com/perfume/Frederic-Malle/The-Moon-56095.html
Acqua di Parma Colonia,Acqua di Parma,https://www.fragrantica.com/perfume/Acqua-di-Parma/Acqua-di-Parma-Colonia-1681.html
Reb'l Fleur,Rihanna,https://www.fragrantica.com/perfume/Rihanna/Reb-l-Fleur-10554.html
212 Sexy,Carolina Herrera,https://www.fragrantica.com/perfume/Carolina-Herrera/212-Sexy-306.html
Daisy Love,Marc Jacobs,https://www.fragrantica.com/perfume/Marc-Jacobs/Daisy-Love-49108.html
Sicily,Mancera,https://www.fragrantica.com/perfume/Mancera/Sicily-42670.html
Psychedelique,Jovoy Paris,https://www.fragrantica.com/perfume/Jovoy-Paris/Psychedelique-13462.html
Duchessa,Gritti,https://www.fragrantica.com/perfume/Gritti/Duchessa-63729.html
Perfect Intense,Marc Jacobs,https://www.fragrantica.com/perfume/Marc-Jacobs/Perfect-Intense-68534.html
Lust in Paradise,Ex Nihilo,https://www.fragrantica.com/perfume/Ex-Nihilo/Lust-in-Paradise-53588.html
Luna Rossa,Prada,https://www.fragrantica.com/perfume/Prada/Luna-Rossa-15754.html
Lady Vengeance,Juliette Has A Gun,https://www.fragrantica.com/perfume/Juliette-Has-A-Gun/Lady-Vengeance-1715.html
Mixed Emotions,Byredo,https://www.fragrantica.com/perfume/Byredo/Mixed-Emotions-65525.html
Miss Dior Rose N'Roses,Dior,https://www.fragrantica.com/perfume/Dior/Miss-Dior-Rose-N-Roses-58562.html
Ambre Nuit,Dior,https://www.fragrantica.com/perfume/Dior/Ambre-Nuit-7092.html
Iris Malikhân,Maison Crivelli,https://www.fragrantica.com/perfume/Maison-Crivelli/Iris-Malikhan-62617.html
Dior Homme Original,Dior,https://www.fragrantica.com/perfume/Dior/Dior-Homme-Original-69010.html
Tihota,Indult,https://www.fragrantica.com/perfume/Indult/Tihota-4346.html
Milk +,Commodity,https://www.fragrantica.com/perfume/Commodity/Milk-70012.html
Debaser,DS&Durga,https://www.fragrantica.com/perfume/DS-Durga/Debaser-29736.html
Noir,Tom Ford,https://www.fragrantica.com/perfume/Tom-Ford/Noir-15727.html
Memoirs Of A Trespasser,Imaginary Authors,https://www.fragrantica.com/perfume/Imaginary-Authors/Memoirs-Of-A-Trespasser-16545.html
Lord of Misrule,Lush,https://www.fragrantica.com/perfume/Lush/Lord-of-Misrule-29173.html
Putain des Palaces,Etat Libre d'Orange,https://www.fragrantica.com/perfume/Etat-Libre-d-Orange/Putain-des-Palaces-4521.html
Crème de Cuir,BDK Parfums,https://www.fragrantica.com/perfume/BDK-Parfums/Creme-de-Cuir-51469.html
La Nuit Trésor Nude,Lancôme,https://www.fragrantica.com/perfume/Lancome/La-Nuit-Tresor-Nude-58825.html
Zino Davidoff,Davidoff,https://www.fragrantica.com/perfume/Davidoff/Zino-Davidoff-590.html
Fleur Musc for Her,Narciso Rodriguez,https://www.fragrantica.com/perfume/Narciso-Rodriguez/Fleur-Musc-for-Her-42580.html
Almaz,Kajal,https://www.fragrantica.com/perfume/Kajal/Almaz-73429.html
Fields At Nightfall,Zara,https://www.fragrantica.com/perfume/Zara/Fields-At-Nightfall-64241.html
Narciso Rodriguez for Him Bleu Noir Eau de Parfum,Narciso Rodriguez,https://www.fragrantica.com/perfume/Narciso-Rodriguez/Narciso-Rodriguez-for-Him-Bleu-Noir-Eau-de-Parfum-47950.html
Irish Leather,Memo Paris,https://www.fragrantica.com/perfume/Memo-Paris/Irish-Leather-18393.html
Absolu Aventus,Creed,https://www.fragrantica.com/perfume/Creed/Absolu-Aventus-84112.html
TriBeCa,Bond No 9,https://www.fragrantica.com/perfume/Bond-No-9/TriBeCa-59904.html
Acqua di Parma Blu Mediterraneo Arancia di Capri,Acqua di Parma,https://www.fragrantica.com/perfume/Acqua-di-Parma/Acqua-di-Parma-Blu-Mediterraneo-Arancia-di-Capri-1685.html
Remarkable People,Etat Libre d'Orange,https://www.fragrantica.com/perfume/Etat-Libre-d-Orange/Remarkable-People-30504.html
Le Jardin de Monsieur Li,Hermès,https://www.fragrantica.com/perfume/Hermes/Le-Jardin-de-Monsieur-Li-29818.html
Ange Ou Demon Le Secret (2014),Givenchy,https://www.fragrantica.com/perfume/Givenchy/Ange-Ou-Demon-Le-Secret-2014-23362.html
Aventus for Her,Creed,https://www.fragrantica.com/perfume/Creed/Aventus-for-Her-38497.html
Tonka Imperiale,Guerlain,https://www.fragrantica.com/perfume/Guerlain/Tonka-Imperiale-8705.html
Bade'e Al Oud Sublime,Lattafa Perfumes,https://www.fragrantica.com/perfume/Lattafa-Perfumes/Bade-e-Al-Oud-Sublime-83309.html
My Burberry Black,Burberry,https://www.fragrantica.com/perfume/Burberry/My-Burberry-Black-32566.html
Flora Gorgeous Magnolia,Gucci,https://www.fragrantica.com/perfume/Gucci/Flora-Gorgeous-Magnolia-83621.html
Nomade Naturelle Eau de Parfum,Chloé,https://www.fragrantica.com/perfume/Chloe/Nomade-Naturelle-Eau-de-Parfum-71597.html
Bois Doré,Van Cleef & Arpels,https://www.fragrantica.com/perfume/Van-Cleef-Arpels/Bois-Dore-44864.html
Maahir Legacy,Lattafa Perfumes,https://www.fragrantica.com/perfume/Lattafa-Perfumes/Maahir-Legacy-82727.html
Bad Boy Extreme,Carolina Herrera,https://www.fragrantica.com/perfume/Carolina-Herrera/Bad-Boy-Extreme-78562.html
Eau Sauvage Parfum 2017,Dior,https://www.fragrantica.com/perfume/Dior/Eau-Sauvage-Parfum-2017-43977.html
Attrape-Rêves,Louis Vuitton,https://www.fragrantica.com/perfume/Louis-Vuitton/Attrape-Reves-51016.html
Au Coeur du Désert,Tauer Perfumes,https://www.fragrantica.com/perfume/Tauer-Perfumes/Au-Coeur-du-Desert-41053.html
Deep Red,Hugo Boss,https://www.fragrantica.com/perfume/Hugo-Boss/Deep-Red-565.html
Memoir Woman,Amouage,https://www.fragrantica.com/perfume/Amouage/Memoir-Woman-10146.html
Terre D'Hermes Eau Intense Vetiver,Hermès,https://www.fragrantica.com/perfume/Hermes/Terre-D-Hermes-Eau-Intense-Vetiver-50672.html
Ambre Nuit,Dior,https://www.fragrantica.com/perfume/Dior/Ambre-Nuit-48395.html
Boss The Scent,Hugo Boss,https://www.fragrantica.com/perfume/Hugo-Boss/Boss-The-Scent-31445.html
Do Son Eau de Parfum,Diptyque,https://www.fragrantica.com/perfume/Diptyque/Do-Son-Eau-de-Parfum-49098.html
Azzaro Chrome Extreme,Azzaro,https://www.fragrantica.com/perfume/Azzaro/Azzaro-Chrome-Extreme-59020.html
Ramz Lattafa Silver,Lattafa Perfumes,https://www.fragrantica.com/perfume/Lattafa-Perfumes/Ramz-Lattafa-Silver-71868.html
Elixir des Merveilles,Hermès,https://www.fragrantica.com/perfume/Hermes/Elixir-des-Merveilles-3168.html
Kalan,Parfums de Marly,https://www.fragrantica.com/perfume/Parfums-de-Marly/Kalan-56036.html
Comme des Garcons Series 3 Incense: Avignon,Comme des Garcons,https://www.fragrantica.com/perfume/Comme-des-Garcons/Comme-des-Garcons-Series-3-Incense-Avignon-1230.html
Overture Man,Amouage,https://www.fragrantica.com/perfume/Amouage/Overture-Man-55859.html
Black Perfecto by La Petite Robe Noire,Guerlain,https://www.fragrantica.com/perfume/Guerlain/Black-Perfecto-by-La-Petite-Robe-Noire-45017.html
Enclave,Amouage,https://www.fragrantica.com/perfume/Amouage/Enclave-62856.html
Fantomas,Nasomatto,https://www.fragrantica.com/perfume/Nasomatto/Fantomas-62775.html
Ivory Route,Xerjoff,https://www.fragrantica.com/perfume/Xerjoff/Ivory-Route-16442.html
L'Homme Idéal L'Intense,Guerlain,https://www.fragrantica.com/perfume/Guerlain/L-Homme-Ideal-L-Intense-49416.html
Aoud Vanille,Mancera,https://www.fragrantica.com/perfume/Mancera/Aoud-Vanille-32907.html
1740 Marquis de Sade,Histoires de Parfums,https://www.fragrantica.com/perfume/Histoires-de-Parfums/1740-Marquis-de-Sade-8590.html
Cry Baby Perfume Milk,Melanie Martinez,https://www.fragrantica.com/perfume/Melanie-Martinez/Cry-Baby-Perfume-Milk-41799.html
Frustration,Etat Libre d'Orange,https://www.fragrantica.com/perfume/Etat-Libre-d-Orange/Frustration-71611.html
New York Nights,Bond No 9,https://www.fragrantica.com/perfume/Bond-No-9/New-York-Nights-46057.html
Cocaïne,Franck Boclet,https://www.fragrantica.com/perfume/Franck-Boclet/Cocaine-44128.html
Oud for Happiness,Initio Parfums Prives,https://www.fragrantica.com/perfume/Initio-Parfums-Prives/Oud-for-Happiness-69224.html
Woody Oud,Maison Alhambra,https://www.fragrantica.com/perfume/Maison-Alhambra/Woody-Oud-79940.html
Harvest Mouse,Zoologist Perfumes,https://www.fragrantica.com/perfume/Zoologist-Perfumes/Harvest-Mouse-78580.html
Idôle L'Intense,Lancôme,https://www.fragrantica.com/perfume/Lancome/Idole-L-Intense-62333.html
Good Fortune,Viktor&Rolf,https://www.fragrantica.com/perfume/Viktor-Rolf/Good-Fortune-74194.html
Armani Code Eau de Parfum,Giorgio Armani,https://www.fragrantica.com/perfume/Giorgio-Armani/Armani-Code-Eau-de-Parfum-65581.html
Zen,Shiseido,https://www.fragrantica.com/perfume/Shiseido/Zen-1499.html
A Whiff of Waffle Cone,Imaginary Authors,https://www.fragrantica.com/perfume/Imaginary-Authors/A-Whiff-of-Waffle-Cone-64228.html
Sartorial,Penhaligon's,https://www.fragrantica.com/perfume/Penhaligon-s/Sartorial-10559.html
Olympea Legend,Paco Rabanne,https://www.fragrantica.com/perfume/Paco-Rabanne/Olympea-Legend-54324.html
Soleil de Capri,Montale,https://www.fragrantica.com/perfume/Montale/Soleil-de-Capri-3767.html
Burberry Women,Burberry,https://www.fragrantica.com/perfume/Burberry/Burberry-Women-818.html
Lyric Man,Amouage,https://www.fragrantica.com/perfume/Amouage/Lyric-Man-4622.html
Wet Cherry Liquor,Bohoboco,https://www.fragrantica.com/perfume/Bohoboco/Wet-Cherry-Liquor-74151.html
Pulp,Byredo,https://www.fragrantica.com/perfume/Byredo/Pulp-3576.html
Seductive Red,Guess,https://www.fragrantica.com/perfume/Guess/Seductive-Red-69869.html
Shalimar Millésime Iris,Guerlain,https://www.fragrantica.com/perfume/Guerlain/Shalimar-Millesime-Iris-84844.html
Boss The Scent For Her,Hugo Boss,https://www.fragrantica.com/perfume/Hugo-Boss/Boss-The-Scent-For-Her-38998.html
Soleil,Lalique,https://www.fragrantica.com/perfume/Lalique/Soleil-55783.html
K by Dolce & Gabbana,Dolce&Gabbana,https://www.fragrantica.com/perfume/Dolce-Gabbana/K-by-Dolce-Gabbana-56358.html
L'Ombre Dans L'Eau Eau de Toilette,Diptyque,https://www.fragrantica.com/perfume/Diptyque/L-Ombre-Dans-L-Eau-Eau-de-Toilette-3962.html
Venom Incarnat,Stéphane Humbert Lucas 777,https://www.fragrantica.com/perfume/Stephane-Humbert-Lucas-777/Venom-Incarnat-72387.html
Applejuice,Zara,https://www.fragrantica.com/perfume/Zara/Applejuice-17189.html
Fenty,Fenty,https://www.fragrantica.com/perfume/Fenty/Fenty-68677.html
Illicit,Jimmy Choo,https://www.fragrantica.com/perfume/Jimmy-Choo/Illicit-31233.html
Five O'Clock Au Gingembre,Serge Lutens,https://www.fragrantica.com/perfume/Serge-Lutens/Five-O-Clock-Au-Gingembre-2764.html
9am Dive,Afnan,https://www.fragrantica.com/perfume/Afnan/9am-Dive-78611.html
Boss Bottled Night,Hugo Boss,https://www.fragrantica.com/perfume/Hugo-Boss/Boss-Bottled-Night-8825.html
Santal Blush,Tom Ford,https://www.fragrantica.com/perfume/Tom-Ford/Santal-Blush-12766.html
Epic Woman,Amouage,https://www.fragrantica.com/perfume/Amouage/Epic-Woman-6538.html
Pasha de Cartier Parfum,Cartier,https://www.fragrantica.com/perfume/Cartier/Pasha-de-Cartier-Parfum-59418.html
Mimosa & Cardamom,Jo Malone London,https://www.fragrantica.com/perfume/Jo-Malone-London/Mimosa-Cardamom-31825.html
Hugo,Hugo Boss,https://www.fragrantica.com/perfume/Hugo-Boss/Hugo-570.html
French Lover,Frederic Malle,https://www.fragrantica.com/perfume/Frederic-Malle/French-Lover-1022.html
Chanel No 5 Eau Premiere (2015),Chanel,https://www.fragrantica.com/perfume/Chanel/Chanel-No-5-Eau-Premiere-2015-31172.html
Velvet Rose & Oud,Jo Malone London,https://www.fragrantica.com/perfume/Jo-Malone-London/Velvet-Rose-Oud-15286.html
Interlude Woman,Amouage,https://www.fragrantica.com/perfume/Amouage/Interlude-Woman-15295.html
Limitless Shopping Via della Spiga,Trussardi,https://www.fragrantica.com/perfume/Trussardi/Limitless-Shopping-Via-della-Spiga-59826.html
Y Eau de Toilette,Yves Saint Laurent,https://www.fragrantica.com/perfume/Yves-Saint-Laurent/Y-Eau-de-Toilette-73440.html
Vanille Antique,Byredo,https://www.fragrantica.com/perfume/Byredo/Vanille-Antique-73438.html
Mukhallat,Montale,https://www.fragrantica.com/perfume/Montale/Mukhallat-3241.html
Missoni Parfum Pour Homme,Missoni,https://www.fragrantica.com/perfume/Missoni/Missoni-Parfum-Pour-Homme-45285.html
Orange Sanguine,Atelier Cologne,https://www.fragrantica.com/perfume/Atelier-Cologne/Orange-Sanguine-9420.html
Ylang in Gold,M. Micallef,https://www.fragrantica.com/perfume/M-Micallef/Ylang-in-Gold-14409.html
Prada Paradoxe Intense,Prada,https://www.fragrantica.com/perfume/Prada/Prada-Paradoxe-Intense-83988.html
Ishq Al Shuyukh Gold,Lattafa Perfumes,https://www.fragrantica.com/perfume/Lattafa-Perfumes/Ishq-Al-Shuyukh-Gold-81121.html
Tobacco Collection Rich Warm Addictive,Zara,https://www.fragrantica.com/perfume/Zara/Tobacco-Collection-Rich-Warm-Addictive-40449.html
Jasmin et Cigarette,Etat Libre d'Orange,https://www.fragrantica.com/perfume/Etat-Libre-d-Orange/Jasmin-et-Cigarette-4518.html
Escentric 01,Escentric Molecules,https://www.fragrantica.com/perfume/Escentric-Molecules/Escentric-01-846.html
French Leather,Memo Paris,https://www.fragrantica.com/perfume/Memo-Paris/French-Leather-28049.html
Bodacious,Boadicea the Victorious,https://www.fragrantica.com/perfume/Boadicea-the-Victorious/Bodacious-70658.html
Aqva Pour Homme Marine,Bvlgari,https://www.fragrantica.com/perfume/Bvlgari/Aqva-Pour-Homme-Marine-1742.html
Prada La Femme,Prada,https://www.fragrantica.com/perfume/Prada/Prada-La-Femme-39030.html
Italian Leather,Memo Paris,https://www.fragrantica.com/perfume/Memo-Paris/Italian-Leather-21771.html
Boss The Scent For Him Magnetic,Hugo Boss,https://www.fragrantica.com/perfume/Hugo-Boss/Boss-The-Scent-For-Him-Magnetic-78424.html
L'Eau d'Issey Pour Homme Intense,Issey Miyake,https://www.fragrantica.com/perfume/Issey-Miyake/L-Eau-d-Issey-Pour-Homme-Intense-1998.html
Lacoste Pour Femme,Lacoste Fragrances,https://www.fragrantica.com/perfume/Lacoste-Fragrances/Lacoste-Pour-Femme-669.html
Sugar Leather,Une Nuit Nomade,https://www.fragrantica.com/perfume/Une-Nuit-Nomade/Sugar-Leather-80482.html
